Date,Open,High,Low,Close,Adj Close,Volume
2002/12/24,27.48,27.74,27.45,27.54,26.143,4551100
2002/12/26,27.51,27.91,27.21,27.38,25.9912,8836100
2002/12/27,27.25,27.45,26.83,27.02,25.6494,11441200
2002/12/30,27.05,27.39,26.5,26.9,25.5355,16208500
2002/12/31,26.85,27.11,26.51,26.74,25.3836,12699900
2003/1/2,27.1,27.84,26.8,27.71,26.3044,20704000
2003/1/3,27.61,27.84,27.23,27.79,26.3804,16796800
2003/1/6,27.72,28.7,27.7,28.35,26.912,22677900
2003/1/7,28.63,28.98,28.36,28.65,27.1967,24141800
2003/1/8,28.35,28.52,28.04,28.32,26.8835,23350100
2003/1/9,28.57,29,28.1,28.3,26.8645,30243400
2003/1/10,27.9,28.14,26.98,27.15,25.7728,51943400
2003/1/13,26.98,27.09,25.43,25.98,24.6622,57713700
2003/1/14,25.92,26.601,25.73,26.4,25.0609,28999500
2003/1/15,26.7,26.85,25.71,25.96,24.6432,30484000
2003/1/16,25.94,26.59,25.35,25.6,24.3014,24753800
2003/1/17,25,25.13,24.29,24.83,23.5705,33578500
2003/1/21,24.79,25.3,24.68,24.75,23.4946,28312100
2003/1/22,24.55,24.96,24.39,24.57,23.3237,31235100
2003/1/23,24.88,25.58,24.8,25.21,23.9312,25107000
2003/1/24,25.13,25.2,24.26,24.38,23.1433,21717800
2003/1/27,24.1,24.48,23.87,24,22.7826,26766500
2003/1/28,24.27,25.4,24.06,24.81,23.5515,25276700
2003/1/29,24.27,25.4,24.06,24.81,23.5515,25300600
2003/1/30,25.44,25.5,24.15,24.18,22.9535,24829800
2003/1/31,23.34,24.15,23.25,23.86,22.6497,35799600
2003/2/3,24.07,24.31,23.68,23.96,22.7446,18068700
2003/2/4,23.47,24.54,23.25,24.43,23.1908,29587100
2003/2/5,24.62,25.1,23.94,24.17,22.944,22484000
2003/2/6,24.06,24.5,23.46,24.02,22.8016,21557900
2003/2/7,24.13,24.18,22.87,23.34,22.1561,28825500
2003/2/10,23.27,23.31,22.59,22.86,21.7004,30190600
2003/2/11,23.25,23.7,23.04,23.24,22.0612,23819800
2003/2/12,23.25,23.54,22.93,22.94,21.7764,17209700
2003/2/13,23.03,23.35,22.82,23.25,22.0706,23971300
2003/2/14,24.55,25.79,24.5,25.77,24.4628,60762100
2003/2/18,25.73,26.5,25.51,26.49,25.1463,33331400
2003/2/19,26.2,26.39,25.73,26.11,24.7856,24142200
2003/2/20,26.15,26.5,26.13,26.34,25.0039,20892100
2003/2/21,26.45,27,26.16,26.84,25.4785,22992100
2003/2/24,26.73,26.8,26.23,26.38,25.0419,17061700
2003/2/25,26.03,26.64,25.72,26.51,25.1653,22360900
2003/2/26,26.11,26.35,25.69,25.78,24.4723,18797700
2003/2/27,26.01,26.55,25.92,26.51,25.1653,24356100
2003/2/28,26.63,27.7,26.6,26.96,25.5925,22857000
2003/3/3,27.1,27.2,26.22,26.46,25.1178,17506500
2003/3/4,26.52,26.59,26.02,26.13,24.8046,15345100
2003/3/5,26.1,26.72,26.06,26.68,25.3267,18678400
2003/3/6,26.43,26.45,25.92,26,24.6812,21773800
2003/3/7,25.58,26.83,25.5,26.73,25.3741,25543300
2003/3/10,26.5,26.65,25.81,25.95,24.6337,16800900
2003/3/11,26.05,26.18,25.61,25.74,24.4343,20117000
2003/3/12,25.72,26.01,25.14,26.01,24.6906,24994200
2003/3/13,26.4,27.08,26.1,26.89,25.526,27493100
2003/3/14,26.82,27.12,26.1,26.5,25.1558,35153500
2003/3/17,26.35,28.28,26.3,28.16,26.7316,38404400
2003/3/18,27.98,28.13,27.65,28.06,26.6367,23597800
2003/3/19,28.04,28.7,27.95,28.57,27.1208,23806400
2003/3/20,28.17,28.81,27.72,28.1,26.6746,21269900
2003/3/21,28.63,28.8,28.15,28.78,27.3201,27921500
2003/3/24,28.09,28.37,27.66,27.81,26.3993,21189800
2003/3/25,27.95,28.43,27.83,28.13,26.7031,18891200
2003/3/26,28.08,28.21,27.8,27.85,26.4373,14509800
2003/3/27,27.5,28.18,27.45,27.84,26.4278,18536900
2003/3/28,27.65,28.03,27.56,27.7,26.2949,12234600
2003/3/31,27.4,27.52,27.06,27.31,25.9247,21307300
2003/4/1,27.4,27.629,27.15,27.21,25.8298,20779300
2003/4/2,27.7489,28.43,27.72,28.09,26.6651,22213100
2003/4/3,28.54,29.1,28.26,28.67,27.2157,30154100
2003/4/4,29.15,29.2,28.67,28.87,27.4056,28160600
2003/4/7,29.67,29.772,28.84,28.88,27.4151,26939800
2003/4/8,28.93,29,28.426,28.59,27.1398,18474300
2003/4/9,28.46,28.75,27.988,28.01,26.5892,19198600
2003/4/10,28.06,28.47,27.9,28.33,26.893,17497800
2003/4/11,28.55,29.25,28,28.29,26.855,15601600
2003/4/14,28.34,28.98,28.23,28.68,27.2252,16667600
2003/4/15,28.69,29.03,28.5,28.84,27.3771,15050200
2003/4/16,29.31,29.58,29.122,29.24,27.7568,21207300
2003/4/17,29.27,29.7,28.87,29.5,28.0036,19212800
2003/4/21,29.71,29.733,29.28,29.48,27.9846,13501500
2003/4/22,29.36,30,29.3,29.89,28.3738,18506200
2003/4/23,29.81,30.04,29.68,29.89,28.3738,14499300
2003/4/24,29.49,29.78,29.01,29.62,28.1175,17456400
2003/4/25,29.49,29.57,28.95,29.11,27.6334,14107300
2003/4/28,29.1,29.51,28.86,29.33,27.8422,15569400
2003/4/29,29.25,29.83,29.169,29.75,28.2409,18128500
2003/4/30,29.45,29.54,28.637,28.98,27.51,24798400
2003/5/1,28.96,29.24,28.749,29.18,27.6999,19340300
2003/5/2,29.19,29.651,29.06,29.57,28.0701,15219000
2003/5/5,29.72,29.79,29.37,29.5,28.0036,13502700
2003/5/6,29.488,31.03,29.37,30.51,28.9624,35953800
2003/5/7,30.41,31.36,30.34,30.64,29.0858,26027000
2003/5/8,30.37,30.59,30.049,30.2,28.6681,20922500
2003/5/9,30.45,31.254,30.45,31.09,29.513,22900900
2003/5/12,31.03,32.33,30.92,31.9,30.2819,30950800
2003/5/13,31.87,32.53,31.66,32.45,30.804,26188800
2003/5/14,32.48,32.68,31.95,32.25,30.6141,24389200
2003/5/15,32.57,32.78,31.91,32.18,30.5477,32018300
2003/5/16,31.16,31.999,31.16,31.19,29.6079,35394100
2003/5/19,30.85,31.13,30.25,30.36,28.82,18562900
2003/5/20,30.31,30.66,30.09,30.33,28.7915,19771400
2003/5/21,30.26,30.32,29.4,29.86,28.3454,25157000
2003/5/22,29.91,30.38,29.75,29.89,28.3738,19855900
2003/5/23,29.7,29.88,29.4,29.491,27.9951,19146700
2003/5/27,29.3,30.2,29.23,30.01,28.4877,22109900
2003/5/28,30.01,31.44,29.81,31.19,29.6079,33713300
2003/5/29,31.18,31.655,31.03,31.27,29.6838,20650400
2003/5/30,31.26,31.67,31.09,31.37,29.7788,20445600
2003/6/2,31.27,31.63,30.6099,30.83,29.2662,15292400
2003/6/3,30.58,31.22,30.48,31,29.4275,14556700
2003/6/4,30.94,31.92,30.6,31.7,30.092,22254200
2003/6/5,31.49,32,31.33,31.93,30.3104,17430800
2003/6/6,32.22,32.54,31.3,31.35,29.7598,22249100
2003/6/9,31.17,31.55,30.87,31.5,29.9022,14004300
2003/6/10,31.65,32.05,31.25,31.89,30.2724,14604600
2003/6/11,31.79,31.82,30.97,31.63,30.0256,22069800
2003/6/12,32.05,32.4,31.59,31.94,30.3199,18418100
2003/6/13,31.88,32.105,31.18,31.27,29.6838,12729400
2003/6/16,31.31,32.43,31.26,32.25,30.6141,18496300
2003/6/17,32.43,32.52,31.95,32.25,30.6141,14937500
2003/6/18,32.091,32.55,31.745,32.45,30.804,15273100
2003/6/19,32.47,33,32.13,32.17,30.5382,21036100
2003/6/20,32.55,32.6,31.761,31.97,30.3483,18142000
2003/6/23,32.08,32.2,31.15,31.42,29.8262,13324900
2003/6/24,31.34,31.86,31.24,31.331,29.7417,14269000
2003/6/25,31.35,31.78,31.06,31.13,29.5509,12888300
2003/6/26,31.12,32,31.12,31.68,30.073,15293100
2003/6/27,31.69,32.1,31.61,31.69,30.0825,11590400
2003/6/30,31.6,32.171,31.5,31.84,30.2249,15208700
2003/7/1,31.71,32.01,31.162,31.92,30.3009,18678800
2003/7/2,31.79,32.5,31.75,32.488,30.8401,16468100
2003/7/3,32.12,32.5,31.95,31.98,30.3578,8172300
2003/7/7,32.37,33.71,32.26,33.08,31.402,21389700
2003/7/8,32.97,33.921,32.88,33.79,32.076,19194300
2003/7/9,33.7,34.02,33.07,33.17,31.4875,18875400
2003/7/10,33.07,33.19,32.64,32.86,31.1932,17512700
2003/7/11,33.13,33.681,32.87,33.56,31.8577,15625700
2003/7/14,33.82,34.23,33.61,33.7,31.9906,15800100
2003/7/15,33.79,34.06,33.53,33.89,32.1709,19429500
2003/7/16,34.2,34.25,33.65,34,32.2754,16208000
2003/7/17,33.79,33.87,33.01,33.22,31.5349,13142200
2003/7/18,33.585,33.66,33.03,33.28,31.5919,15138500
2003/7/21,32.99,33.18,32.41,32.67,31.0128,13281700
2003/7/22,32.71,33.6,32.71,33.19,31.5064,13252000
2003/7/23,33.16,33.57,32.77,33.5,31.8007,12408300
2003/7/24,33.6,33.68,32.5,32.51,30.8609,13877800
2003/7/25,32.59,33.48,32.39,33.37,31.6773,13103600
2003/7/28,33.45,33.49,32.61,32.81,31.1457,13907700
2003/7/29,32.92,33.09,32.45,32.79,31.1267,13560100
2003/7/30,32.85,33.25,32.82,33.13,31.4495,12447000
2003/7/31,33.6,34.52,33.45,33.68,31.9716,23954100
2003/8/1,33.43,33.69,33.15,33.23,31.5444,13195200
2003/8/4,33.02,33.75,32.8,33.25,31.5634,14126500
2003/8/5,33.07,33.2,32.02,32.15,30.5192,17852800
2003/8/6,31.98,32.09,31.09,31.3,29.7123,24111000
2003/8/7,31,31.53,30.82,31.24,29.6554,17605300
2003/8/8,31.46,31.46,30.7,30.94,29.3706,14176900
2003/8/11,30.96,31.6,30.81,31.03,29.456,19665000
2003/8/12,31.12,31.842,31.1,31.77,30.1585,15317700
2003/8/13,31.84,31.97,31.07,31.31,29.7218,15049300
2003/8/14,31.48,31.63,31.06,31.39,29.7977,18424500
2003/8/15,31.23,32.5,31.11,32.34,30.6996,18433100
2003/8/18,32.5,33.49,32.1,33.21,31.5254,20846800
2003/8/19,33.28,33.7,32.74,32.82,31.1552,21083100
2003/8/20,32.47,32.82,32.24,32.28,30.6426,17521500
2003/8/21,32.54,32.73,32,32.27,30.6331,20118200
2003/8/22,33.21,33.58,32.1,32.13,30.5002,32513600
2003/8/25,32.11,32.32,31.8,32.06,30.4338,11686700
2003/8/26,31.93,32.081,31.52,31.93,30.3104,16068400
2003/8/27,31.8,32.03,31.65,31.68,30.073,11497000
2003/8/28,32.11,32.35,31.66,32.25,30.6141,12587900
2003/8/29,32.27,32.69,32.12,32.62,30.9654,9212800
2003/9/2,33.24,33.65,33.01,33.59,31.8862,20673100
2003/9/3,33.86,34.45,33.7,34.17,32.4367,19664900
2003/9/4,34.11,34.46,34.02,34.35,32.6076,14451800
2003/9/5,34.35,35.04,34.02,34.09,32.3608,23299600
2003/9/8,34.04,34.31,33.53,33.68,31.9716,20648000
2003/9/9,33.61,33.74,33.15,33.32,31.6298,17479100
2003/9/10,33.16,33.64,32.77,32.97,31.2976,13572300
2003/9/11,33.28,33.85,33.05,33.63,31.9241,13035900
2003/9/12,33.61,33.92,33.21,33.8,32.0855,11880800
2003/9/15,33.9,34,33.44,33.57,31.8672,8681100
2003/9/16,33.65,34.7,33.62,34.6,32.8449,14545100
2003/9/17,34.49,34.92,34.23,34.58,32.8259,12188100
2003/9/18,34.44,34.95,34.25,34.94,33.1677,15048300
2003/9/19,34.77,35.01,34.54,34.86,33.0917,12483100
2003/9/22,34.34,34.579,33.721,34.08,32.3513,13819800
2003/9/23,34.24,34.75,34.02,34.67,32.9114,15466700
2003/9/24,34.55,34.75,33.72,33.9,32.1804,15738300
2003/9/25,33.96,34.6,33.82,33.92,32.1994,17854700
2003/9/26,33.85,34.6,33.83,34.139,32.4073,15102600
2003/9/29,34.36,34.36,33.77,34.23,32.4937,12267300
2003/9/30,34.08,34.08,33.38,33.42,31.7248,16078900
2003/10/1,33.71,34.071,33.15,34.02,32.2943,16900900
2003/10/2,33.98,34.06,33.5,33.87,32.152,12703400
2003/10/3,34.42,34.99,34.35,34.91,33.1392,18338000
2003/10/6,34.86,35.03,34.75,34.97,33.1962,11205200
2003/10/7,34.85,35.23,34.51,35.19,33.405,15540600
2003/10/8,35.25,35.27,34.56,34.74,32.9778,13504700
2003/10/9,35.08,35.75,35.07,35.27,33.4809,21192400
2003/10/10,35.16,35.55,35.15,35.47,33.6708,9916000
2003/10/13,35.59,35.94,35.55,35.82,34.003,9971500
2003/10/14,35.86,36.13,35.656,36.04,34.2119,11717800
2003/10/15,36.5,36.84,36.05,36.25,34.4112,19345300
2003/10/16,36,36.77,35.75,36.51,34.658,15033800
2003/10/17,36.68,36.79,36.14,36.41,34.5631,15057600
2003/10/20,36.54,36.68,36.02,36.49,34.6391,12804000
2003/10/21,36.74,37.18,36.597,36.98,35.1042,14025000
2003/10/22,36.68,36.739,36.21,36.41,34.5631,12589700
2003/10/23,36.22,36.54,36.03,36.37,34.5251,11416100
2003/10/24,35.9,36.11,35.33,36,34.1739,14892900
2003/10/27,35.94,36.18,35.6,36.08,34.2498,13050700
2003/10/28,36.08,36.45,35.51,35.98,34.1549,23223300
2003/10/29,35.97,36.35,35.71,36.31,34.4682,19748400
2003/10/30,36.7,36.842,36.2,36.23,34.3922,12409200
2003/10/31,36.23,36.37,36,36.06,34.2309,10425700
2003/11/3,36.2,36.74,36.18,36.52,34.6675,12759500
2003/11/4,36.47,36.53,35.98,36.19,34.3543,13600000
2003/11/5,36.07,36.29,35.56,36.11,34.2783,14317900
2003/11/6,36.14,36.4,35.69,36.34,34.4967,10172500
2003/11/7,36.77,36.85,35.82,36,34.1739,10751800
2003/11/10,35.88,35.91,34.89,34.93,33.1582,21106200
2003/11/11,34.91,35.3,34.71,35.01,33.2341,14493200
2003/11/12,35.2,35.87,34.74,35.67,33.8606,16769200
2003/11/13,35.44,36.22,34.95,35.64,33.8322,39687900
2003/11/14,35.54,35.99,35.1,35.24,33.4525,22728300
2003/11/17,35.08,35.25,34.33,34.89,33.1202,15498500
2003/11/18,34.93,35,34.26,34.3,32.5601,13116300
2003/11/19,34.25,34.75,34.17,34.58,32.8259,12369600
2003/11/20,34.11,34.88,34,34.06,32.3323,14204000
2003/11/21,34.36,34.76,33.8,34.52,32.769,12701500
2003/11/24,34.91,35.37,34.15,35.14,33.3575,16082300
2003/11/25,35.24,35.28,34.34,34.36,32.6171,14261500
2003/11/26,34.535,34.7,33.88,34.42,32.6741,15019500
2003/11/28,34.21,34.82,34.21,34.57,32.8164,6601400
2003/12/1,34.7,35.13,34.46,34.89,33.1202,12927600
2003/12/2,34.89,35.17,34.63,34.97,33.1962,17428500
2003/12/3,35.15,35.63,34.78,34.94,33.1677,14495200
2003/12/4,34.8,35.32,34.64,35.23,33.443,11159400
2003/12/5,34.6,34.8,34.34,34.5,32.75,14422900
2003/12/8,34.35,34.82,34.14,34.71,32.9493,11551900
2003/12/9,34.76,34.95,33.45,33.46,31.7627,20711600
2003/12/10,33.545,33.59,32.3,32.96,31.2881,28840600
2003/12/11,33.125,34.51,33.09,34.21,32.4747,24532700
2003/12/12,34.2,34.29,33.52,33.8,32.0855,19236400
2003/12/15,34.05,34.23,32.89,33.01,31.3356,21740000
2003/12/16,32.85,33.13,32.56,32.65,30.9938,19325100
2003/12/17,32.81,33.5,32.8,32.94,31.2691,19212400
2003/12/18,33.15,33.642,33.05,33.52,31.8197,20881700
2003/12/19,33.62,33.87,33.21,33.33,31.6393,19787800
2003/12/22,33.2,33.27,32.8,33,31.3261,11882300
2003/12/23,33.15,33.69,32.95,33.62,31.9146,12242700
2003/12/24,33.53,34,33.42,33.71,32.0001,5179200
2003/12/26,33.82,34.09,33.68,33.76,32.0475,3595200
2003/12/29,33.83,34.41,33.83,34.26,32.5222,9969300
2003/12/30,34.36,34.71,34.196,34.51,32.7595,11859500
2003/12/31,34.6,34.63,33.84,33.98,32.2564,14112700
2004/1/2,34.15,34.65,33.97,34.29,32.5506,13395800
2004/1/5,34.7,35.29,34.59,35.22,33.4335,16505900
2004/1/6,35,35.37,34.65,35.06,33.2816,16188300
2004/1/7,35.02,35.5,34.81,35.45,33.6518,16110900
2004/1/8,35.72,35.94,35.37,35.83,34.0125,16658900
2004/1/9,35.54,36.16,35.45,35.57,33.7657,16322100
2004/1/12,35.61,35.883,35.31,35.57,33.7657,16853600
2004/1/13,35.73,35.8,35.03,35.29,33.4999,19039400
2004/1/14,35.52,36.15,35.41,35.97,34.1454,17937400
2004/1/15,35.68,36.01,34.83,34.88,33.1107,22821600
2004/1/16,35.2,35.25,34.771,35.01,33.2341,20869100
2004/1/20,35.29,35.29,34.8,34.95,33.1772,15717400
2004/1/21,34.94,35.03,34.03,34.76,32.9968,23590400
2004/1/22,34.88,34.99,34.11,34.52,32.769,15722300
2004/1/23,34.57,34.85,34.11,34.43,32.6835,13735000
2004/1/26,34.41,35.1,34.22,35.05,33.2721,15205200
2004/1/27,35.02,35.02,34.3,34.36,32.6171,17342400
2004/1/28,34.59,35.1,34.23,34.39,32.6456,18731000
2004/1/29,34.51,34.7,33.56,33.724,32.0134,24502400
2004/1/30,33.62,33.8,33.1,33.44,31.7438,17485600
2004/2/2,33.53,34.247,33.37,33.52,31.8197,15605000
2004/2/3,33.46,34.09,33.35,33.7,31.9906,13690300
2004/2/4,33.25,33.29,32.19,32.39,30.747,29636900
2004/2/5,32.61,32.77,31.75,32.11,30.4812,27644300
2004/2/6,32.13,33,32.09,32.95,31.2786,21827400
2004/2/9,33.05,33.36,32.8,32.93,31.2596,14806400
2004/2/10,33.06,33.69,32.95,33.28,31.5919,15046300
2004/2/11,33.84,33.93,33.41,33.69,31.9811,18555900
2004/2/12,33.745,33.9,33.437,33.57,31.8672,18808500
2004/2/13,34.39,35.09,34.36,34.55,32.7975,41002700
2004/2/17,34.76,34.95,34.4,34.45,32.7025,12776300
2004/2/18,34.41,34.56,34.08,34.14,32.4083,13585500
2004/2/19,34.44,34.85,33.89,33.93,32.2089,14984100
2004/2/20,33.99,34.43,33.75,34.01,32.2849,16176100
2004/2/23,34.02,34.09,33.2,33.36,31.6678,12195900
2004/2/24,33.21,33.47,32.81,32.83,31.1647,16166900
2004/2/25,33.12,33.36,32.85,33.3,31.6109,10742500
2004/2/26,32.84,33.65,32.84,33.3,31.6109,12025200
2004/2/27,33.38,33.5,32.5,32.65,30.9938,18727000
2004/3/1,32.94,33.57,32.81,33.49,31.7912,13025800
2004/3/2,33.35,33.78,32.47,33.41,31.7153,16127100
2004/3/3,33.26,33.42,32.8,33.13,31.4495,14449900
2004/3/4,33.15,33.23,32.74,33.13,31.4495,13880100
2004/3/5,32.68,33.02,32.2,32.26,30.6236,24618200
2004/3/8,32.29,32.56,31.14,31.2,29.6174,26596200
2004/3/9,31.43,31.88,31.3,31.71,30.1015,25248500
2004/3/10,31.63,32.38,31.51,31.64,30.0351,24609500
2004/3/11,31.6,32.61,31.44,31.99,30.3673,23733600
2004/3/12,33,33.2,32.72,33.05,31.3735,22173000
2004/3/15,33.07,33.5,32.77,32.97,31.2976,22121400
2004/3/16,33.15,33.43,32.88,33.13,31.4495,20758500
2004/3/17,33.23,33.55,33.11,33.3,31.6109,11804000
2004/3/18,33.21,33.49,33.02,33.43,31.7343,17301000
2004/3/19,33.23,33.31,32.81,32.9198,31.2499,22247400
2004/3/22,32.8,33.23,32.6,33.09,31.4115,21008400
2004/3/23,33.25,33.51,33.05,33.17,31.4875,20594100
2004/3/24,33.18,33.52,33,33.01,31.3356,17451700
2004/3/25,33.22,33.83,33.19,33.76,32.0475,15124900
2004/3/26,33.75,33.96,33.37,33.4,31.7058,11397900
2004/3/29,33.68,33.88,33.52,33.88,32.1614,12961400
2004/3/30,33.66,33.96,33.35,33.92,32.1994,11258700
2004/3/31,33.85,33.89,33.51,33.62,31.9146,13926300
2004/4/1,33.57,34.04,33.53,34.03,32.3038,12041300
2004/4/2,34.47,34.72,34.2,34.66,32.9019,16418700
2004/4/5,34.52,35,34.44,34.99,33.2151,11011200
2004/4/6,34.75,34.83,34.35,34.69,32.9304,11704600
2004/4/7,34.33,34.88,34.21,34.82,33.0538,18590100
2004/4/8,35.65,35.82,35.2,35.63,33.8227,28679300
2004/4/12,35.66,35.92,35.53,35.79,33.9746,10857300
2004/4/13,35.831,35.92,35.3,35.33,33.5379,15123100
2004/4/14,35.3,35.7,35,35.54,33.7372,13364300
2004/4/15,35.57,35.68,34.89,35.24,33.4525,16019400
2004/4/16,35.51,35.55,34.77,35.36,33.5664,14701500
2004/4/19,35.36,35.75,35.25,35.73,33.9176,10808900
2004/4/20,35.7,35.86,34.81,34.88,33.1107,13219000
2004/4/21,35.01,35.09,34.3,34.83,33.0633,21105000
2004/4/22,34.51,35.65,34.45,35.4,33.6043,18423300
2004/4/23,35.69,36.05,35.38,35.96,34.1359,14169500
2004/4/26,35.98,36.19,35.49,35.71,33.8986,11376300
2004/4/27,35.86,36.33,35.79,36.31,34.4682,17834400
2004/4/28,36.09,36.33,35.57,35.65,33.8417,14524400
2004/4/29,35.7,35.98,35,35.29,33.4999,15747600
2004/4/30,35.341,35.47,34.65,34.78,33.0158,14515500
2004/5/3,34.82,35.22,34.41,34.89,33.1202,14656100
2004/5/4,34.81,35.68,34.63,35.31,33.5189,14109400
2004/5/5,35.74,35.96,35.4,35.71,33.8986,15112900
2004/5/6,35.4996,35.83,35.38,35.48,33.6803,10217700
2004/5/7,35.42,36.25,35.35,35.76,33.9461,18738000
2004/5/10,35.62,36.16,35.26,36.07,34.2404,19409700
2004/5/11,36.32,36.75,36.19,36.66,34.8004,19855900
2004/5/12,36.4,36.55,35.52,36.45,34.6011,24175200
2004/5/13,36.15,36.23,35.37,35.8,33.9841,34942300
2004/5/14,34.64,34.91,34.45,34.72,32.9588,33472000
2004/5/17,34.11,34.47,34.08,34.31,32.5696,20261200
2004/5/18,34.5,34.72,34.259,34.36,32.6171,14727700
2004/5/19,34.65,34.69,34.05,34.05,32.3228,17361400
2004/5/20,34.24,34.56,34.01,34.19,32.4557,13298700
2004/5/21,34.39,34.64,34.21,34.62,32.8639,13216800
2004/5/24,34.77,34.85,34.38,34.5,32.75,12864800
2004/5/25,34.36,35.5,34.27,35.33,33.5379,16036200
2004/5/26,35.23,35.46,35.04,35.34,33.5474,12533800
2004/5/27,35.43,35.55,34.76,35.13,33.348,14599000
2004/5/28,35.27,35.36,34.92,35.24,33.4525,11009700
2004/6/1,35.12,35.43,34.93,35.21,33.424,10364800
2004/6/2,35.24,35.88,34.96,35.67,33.8606,15351200
2004/6/3,35.55,35.65,35.16,35.2,33.4145,13300100
2004/6/4,35.45,35.55,34.96,35,33.2246,12239900
2004/6/7,35.03,35.26,34.83,35.26,33.4714,15115300
2004/6/8,35.14,35.38,34.95,35.35,33.5569,9853200
2004/6/9,35.12,35.22,34.8,34.87,33.1012,8809300
2004/6/10,35,35.24,34.96,35.1,33.3196,7937400
2004/6/14,35.01,35.4,34.9,35.05,33.2721,11716300
2004/6/15,35.399,36.01,35.26,35.68,33.8701,20527600
2004/6/16,35.55,35.64,35.3,35.39,33.5948,13383300
2004/6/17,35.25,35.29,34.64,34.76,32.9968,14080000
2004/6/18,34.68,35.1,34.56,34.81,33.0443,19401800
2004/6/21,35.13,35.26,34.56,34.62,32.8639,13243800
2004/6/22,34.53,35.06,34.45,35.05,33.2721,12879000
2004/6/23,34.94,35.3,34.76,35.23,33.443,13305000
2004/6/24,35.17,35.27,34.82,34.92,33.1487,10931300
2004/6/25,34.9,36.035,34.85,36.02,34.1929,24714400
2004/6/28,35.56,35.71,35.11,35.31,33.5189,12139400
2004/6/29,35.12,35.76,35.08,35.65,33.8417,12550500
2004/6/30,35.61,36,35.35,35.82,34.003,14563200
2004/7/1,35.8,35.95,35.09,35.54,33.7372,14732100
2004/7/2,35.42,35.54,34.83,35.13,33.348,11663600
2004/7/6,35,35.45,34.98,35.21,33.424,11978400
2004/7/7,35.08,35.47,34.97,35.01,33.35,12542300
2004/7/8,35.12,35.49,34.9682,35.1,33.3196,13298500
2004/7/9,35.28,35.98,35.2,35.94,34.117,17829000
2004/7/12,35.59,35.65,34.4,35.48,33.6803,13461200
2004/7/13,35.56,35.63,35.21,35.4,33.6043,12058800
2004/7/14,35.09,35.29,34.78,34.84,33.0727,18941300
2004/7/15,35.03,35.19,34.83,34.87,33.1012,14100900
2004/7/16,35.65,35.85,35.34,35.42,33.6233,25076100
2004/7/19,35.401,35.85,35.05,35.67,33.8606,13666100
2004/7/20,35.63,36,35.58,36,34.1739,12255600
2004/7/21,35.91,36.18,35.43,35.51,33.7088,14151600
2004/7/22,35.45,35.84,35.26,35.7,33.8891,11796400
2004/7/23,35.52,35.66,34.99,35.14,33.3575,11367000
2004/7/26,35.14,35.57,35.07,35.34,33.5474,11057700
2004/7/27,35.63,35.69,35.11,35.37,33.5759,11990400
2004/7/28,35.319,35.57,35,35.35,33.5569,10480700
2004/7/29,35.78,35.8,35.19,35.26,33.4714,12192800
2004/7/30,35.29,35.79,35.24,35.47,33.6708,11318800
2004/8/2,35.27,35.77,35.23,35.47,33.6708,12629046
2004/8/3,35.38,35.44,35.1,35.17,33.386,10059700
2004/8/4,35.06,35.52,34.98,35.3,33.5094,9158600
2004/8/5,35.34,35.5,34.7,34.78,33.0158,10910000
2004/8/6,34.68,34.74,34.14,34.14,32.4083,14847000
2004/8/9,34.36,34.46,34.02,34.07,32.3418,12091300
2004/8/10,34.33,34.35,33.76,34.32,32.5791,12115100
2004/8/11,33.76,33.79,32.97,33.57,31.8672,20337200
2004/8/12,32.97,33.56,32.71,33.12,31.44,44059700
2004/8/13,34.26,35.051,34.21,34.51,32.7595,41248400
2004/8/16,34.56,34.93,34.25,34.79,33.0253,14033000
2004/8/17,34.85,34.93,34.34,34.83,33.0633,16067900
2004/8/18,34.72,35.38,34.7,35.08,33.3006,18474700
2004/8/19,35.07,35.17,34.66,34.7,32.9399,18889400
2004/8/20,34.74,34.98,34.44,34.86,33.0917,13492700
2004/8/23,34.86,35.11,34.72,34.95,33.1772,10362000
2004/8/24,35,35.18,34.89,35.08,33.3006,9794800
2004/8/25,35.06,35.4,34.97,35.34,33.5474,9475600
2004/8/26,35.25,35.38,35.11,35.19,33.405,7044200
2004/8/27,35.23,35.5,35.17,35.2,33.4145,6281100
2004/8/30,35.14,35.42,35.09,35.12,33.3385,6312100
2004/8/31,35.16,35.21,34.65,34.84,33.0727,10146700
2004/9/1,34.66,35.47,34.56,35.468,33.6689,12211100
2004/9/2,35.41,35.56,35.14,35.511,33.7097,12396000
2004/9/3,35.11,35.31,34.91,35.25,33.462,11528600
2004/9/7,35.32,35.55,35.04,35.21,33.424,17665300
2004/9/8,35.26,35.65,35.12,35.46,33.6613,14445800
2004/9/9,35.59,35.95,35.36,35.69,33.8796,14394800
2004/9/10,35.63,36.1412,35.59,36.01,34.1834,14631300
2004/9/13,36,36.77,35.85,36.18,34.3448,12919200
2004/9/14,36.12,36.31,35.92,36.02,34.1929,9215800
2004/9/15,35.97,36,35.29,35.41,33.6138,12536400
2004/9/16,35.47,35.75,34.59,35.56,33.7562,8244500
2004/9/17,35.61,35.91,35.5,35.54,33.7372,13017400
2004/9/20,35.54,36.0055,35.46,35.63,33.8227,10143700
2004/9/21,35.67,35.83,35.55,35.79,33.9746,8382000
2004/9/22,35.67,35.68,35.03,35.07,33.2911,10709600
2004/9/23,35.14,35.25,34.75,34.9,33.1297,11788800
2004/9/24,35.02,35.36,34.97,35.05,33.2721,11599200
2004/9/27,34.75,35.39,34.72,35.08,33.3006,11839000
2004/9/28,35.32,35.55,35.09,35.45,33.6518,11524200
2004/9/29,35.47,35.59,34.41,35.44,33.6423,11481100
2004/9/30,35.47,35.72,35.45,35.6,33.7942,12265500
2004/10/1,35.69,36.33,35.65,36.01,34.1834,16179000
2004/10/4,36.14,36.55,35.61,35.66,33.8512,20359000
2004/10/5,35.57,36.23,35.53,36.1,34.2688,15729300
2004/10/6,36.27,36.67,36.07,36.66,34.8004,13457300
2004/10/7,36.68,36.89,36.15,36.22,34.3827,9209700
2004/10/8,36.19,36.53,35.85,36.01,34.1834,8210400
2004/10/11,35.96,36.08,35.65,35.68,33.8701,7870500
2004/10/12,35.35,35.8,35.28,35.74,33.9271,10122200
2004/10/13,35.98,36,35.3,35.38,33.5854,13259400
2004/10/14,35.43,35.59,35.01,35.04,33.2626,11016700
2004/10/15,35.21,35.65,35.13,35.37,33.5759,13714000
2004/10/18,35.32,35.85,35.32,35.77,33.9556,10121800
2004/10/19,35.93,36.2831,35.68,35.72,33.9081,13896500
2004/10/20,35.67,35.76,35.25,35.37,33.5759,13433600
2004/10/21,35.57,35.66,35.05,35.44,33.6423,17754800
2004/10/22,35.45,35.7,34.96,35.01,33.2341,14781700
2004/10/25,35.1,35.19,34.55,34.56,32.807,12382700
2004/10/26,34.62,34.83,33.85,34.25,32.5127,22199200
2004/10/27,34.14,34.85,34.07,34.59,32.8354,19084300
2004/10/28,34.6,34.9,34.2118,34.63,32.8734,19837000
2004/10/29,34.91,35.14,34.82,35.06,33.2816,23168500
2004/11/1,35.25,35.53,34.82,35.06,33.2816,22994700
2004/11/2,35.33,35.99,35.22,35.62,33.8132,17951700
2004/11/3,35.91,36.48,35.89,36.36,34.5156,23196400
2004/11/4,36.29,36.81,36.24,36.81,34.9428,17497000
2004/11/5,37.02,37.54,36.71,37.49,35.5883,22902000
2004/11/8,37.26,37.76,37.17,37.68,35.7687,19086100
2004/11/9,37.6,37.8,37.4,37.43,35.5314,13948300
2004/11/10,37.1,37.39,36.74,36.85,34.9808,17654900
2004/11/11,36.99,37.45,36.84,37.25,35.3605,25994700
2004/11/12,38.85,40.53,38.69,40.44,38.3887,77482900
2004/11/15,40.13,40.8,39.73,40.7,38.6355,25270700
2004/11/16,40,40.67,39.79,40.4,38.3507,27044100
2004/11/17,40.34,40.97,40.07,40.2,38.1609,31202600
2004/11/18,40.03,40.5,40,40.24,38.1988,18119000
2004/11/19,40.25,40.39,39.81,39.97,37.9425,12951300
2004/11/22,39.85,40.25,39.75,40.2,38.1609,11641700
2004/11/23,39.88,40.52,39.8,40.41,38.3602,13167000
2004/11/24,40.52,40.79,34.31,40.76,38.6925,10600400
2004/11/26,40.5,41,40.47,40.58,38.5216,4882100
2004/11/29,40.57,40.97,40.45,40.82,38.7494,10434500
2004/11/30,40.83,40.92,40.15,40.52,38.4646,16578800
2004/12/1,40.35,41.58,40.13,41.36,39.262,18602600
2004/12/2,41.02,41.77,40.95,41.45,39.3475,12616300
2004/12/3,41.95,42.001,41.52,41.65,39.5373,16072000
2004/12/6,41.58,41.98,41.3,41.65,39.5373,10298500
2004/12/7,41.66,41.91,41.18,41.31,39.2146,12258100
2004/12/8,41.43,41.901,41.25,41.86,39.7367,13716600
2004/12/9,41.55,42.57,41.45,42.18,40.0404,16266300
2004/12/10,42.14,42.28,41.81,42.09,39.955,10511000
2004/12/13,42.06,42.39,41.82,42.38,40.2303,10430900
2004/12/14,42.35,42.45,42.09,42.33,40.1828,9813700
2004/12/15,42.3,42.55,42.12,42.19,40.0499,14965700
2004/12/16,42.08,42.44,41.93,42.27,40.1259,12288300
2004/12/17,41.91,42.33,41.43,41.43,39.3285,20847100
2004/12/20,41.58,42.04,41.32,41.53,39.4234,12771700
2004/12/21,41.68,41.82,41.3,41.61,39.4993,11661500
2004/12/22,41.43,41.97,41.28,41.77,39.6512,9784500
2004/12/23,41.71,42.02,41.59,41.75,39.6322,5977600
2004/12/27,41.8,42.17,41.62,41.74,39.6227,8992500
2004/12/28,41.76,42.06,41.74,41.99,39.8601,7225600
2004/12/29,41.77,42.31,41.74,42.22,40.0784,8982700
2004/12/30,42.22,42.31,41.96,41.99,39.8601,6692400
2004/12/31,42.04,42.44,41.98,42.14,40.0025,6256600
2005/1/3,42.09,42.3,41.65,41.79,39.6702,14890500
2005/1/4,41.61,41.66,40.52,40.52,38.4646,20135700
2005/1/5,40.41,41,40.22,40.25,38.2083,13734100
2005/1/6,40.2,40.7,40.17,40.18,38.1419,11579800
2005/1/7,40.56,40.65,40.13,40.19,38.1514,13117400
2005/1/10,40.14,41.2,40.01,40.97,38.8918,14515800
2005/1/11,40.66,41.2,40.61,41.08,38.9962,12834000
2005/1/12,41.39,41.4,40.52,40.93,38.8538,13971800
2005/1/13,40.83,40.94,40.21,40.29,38.2463,10163700
2005/1/14,40.27,40.45,40.16,40.29,38.2463,9695200
2005/1/18,39.94,40.52,39.77,40.3,38.2558,17909800
2005/1/19,40.32,40.54,39.99,40.06,38.028,14027600
2005/1/20,40,40.48,39.88,40.1,38.0659,12969900
2005/1/21,40.12,40.25,39.99,40.04,38.009,11984300
