Date,NASDAQ Open,NASDAQ  Close,SP500  Open,SP500  Close
2006/11/17,2439.629883,2445.860107,1399.76001,1401.199951
2006/11/20,2441.159912,2452.719971,1401.170044,1400.5
2006/11/21,2454.649902,2454.840088,1400.430054,1402.810059
2006/11/22,2463.209961,2465.97998,1402.689941,1406.089966
2006/11/24,2449.72998,2460.26001,1405.939941,1400.949951
2006/11/27,2454.169922,2405.919922,1400.949951,1381.959961
2006/11/28,2397.320068,2412.610107,1381.609985,1386.719971
2006/11/29,2422.909912,2432.22998,1386.109985,1399.47998
2006/11/30,2430.75,2431.77002,1399.469971,1400.630005
2006/12/1,2430.75,2413.209961,1400.630005,1396.709961
2006/12/4,2420.919922,2448.389893,1396.670044,1409.119995
2006/12/5,2455.699951,2452.379883,1409.099976,1414.76001
2006/12/6,2447.540039,2445.860107,1414.400024,1412.900024
2006/12/7,2449.639893,2427.689941,1412.859985,1407.290039
2006/12/8,2423.669922,2437.360107,1407.27002,1409.839966
2006/12/11,2437.360107,2442.860107,1409.810059,1413.040039
2006/12/12,2443.030029,2431.600098,1413,1411.560059
2006/12/13,2444.120117,2432.409912,1411.319946,1413.209961
2006/12/14,2435.75,2453.850098,1413.160034,1425.48999
2006/12/15,2467.360107,2457.199951,1425.47998,1427.089966
2006/12/18,2462.429932,2435.570068,1427.079956,1422.47998
2006/12/19,2420.080078,2429.550049,1422.420044,1425.550049
2006/12/20,2432,2427.610107,1425.51001,1423.530029
2006/12/21,2430.139893,2415.850098,1423.199951,1418.300049
2006/12/22,2415.97998,2401.179932,1418.099976,1410.76001
2006/12/26,2398.219971,2413.51001,1410.75,1416.900024
2006/12/27,2418.780029,2431.219971,1416.630005,1426.839966
2006/12/28,2425.320068,2425.570068,1426.77002,1424.72998
2006/12/29,2423.030029,2415.290039,1424.709961,1418.300049
2007/1/3,2429.719971,2423.159912,1418.030029,1416.599976
2007/1/4,2423.820068,2453.429932,1416.599976,1418.339966
2007/1/5,2445.070068,2434.25,1418.339966,1409.709961
2007/1/8,2435.25,2438.199951,1409.26001,1412.839966
2007/1/9,2443.26001,2443.830078,1412.839966,1412.109985
2007/1/10,2434.040039,2459.330078,1408.699951,1414.849976
2007/1/11,2464.889893,2484.850098,1414.839966,1423.819946
2007/1/12,2481.719971,2502.820068,1423.819946,1430.72998
2007/1/16,2504.560059,2497.780029,1430.72998,1431.900024
2007/1/17,2487.889893,2479.419922,1431.77002,1430.619995
2007/1/18,2475.330078,2443.209961,1430.589966,1426.369995
2007/1/19,2437.629883,2451.310059,1426.349976,1430.5
2007/1/22,2454.5,2431.070068,1430.469971,1422.949951
2007/1/23,2428.26001,2431.409912,1422.949951,1427.98999
2007/1/24,2443.01001,2466.280029,1427.959961,1440.130005
2007/1/25,2469.27002,2434.23999,1440.119995,1423.900024
2007/1/26,2441.100098,2435.48999,1423.900024,1422.180054
2007/1/29,2434.639893,2441.090088,1422.030029,1420.619995
2007/1/30,2446.659912,2448.639893,1420.609985,1428.819946
2007/1/31,2443.330078,2463.929932,1428.650024,1438.23999
2007/2/1,2474.080078,2468.379883,1437.900024,1445.939941
2007/2/2,2474.189941,2475.879883,1445.939941,1448.390015
2007/2/5,2475.030029,2470.600098,1448.329956,1446.98999
2007/2/6,2475.780029,2471.48999,1446.97998,1448
2007/2/7,2483.72998,2490.5,1447.410034,1450.02002
2007/2/8,2484.5,2488.669922,1449.98999,1448.310059
2007/2/9,2491.649902,2459.820068,1448.25,1438.060059
2007/2/12,2460.629883,2450.379883,1438,1433.369995
2007/2/13,2455.25,2459.879883,1433.219971,1444.26001
2007/2/14,2468.040039,2488.379883,1443.910034,1455.300049
2007/2/15,2489.840088,2497.100098,1455.150024,1456.810059
2007/2/16,2491.47998,2496.310059,1456.77002,1455.540039
2007/2/20,2491.75,2513.040039,1455.530029,1459.680054
2007/2/21,2503.540039,2518.419922,1459.599976,1457.630005
2007/2/22,2523.360107,2524.939941,1457.290039,1456.380005
2007/2/23,2522.530029,2515.100098,1456.219971,1451.189941
2007/2/26,2525.040039,2504.52002,1451.040039,1449.369995
2007/2/27,2468.73999,2407.860107,1449.25,1399.040039
2007/2/28,2411.889893,2416.149902,1398.640015,1406.819946
2007/3/1,2377.179932,2404.209961,1406.800049,1403.170044
2007/3/2,2389.860107,2368,1403.160034,1387.170044
2007/3/5,2368,2340.679932,1387.109985,1374.119995
2007/3/6,2363.149902,2385.139893,1374.060059,1395.410034
2007/3/7,2382.649902,2374.639893,1395.02002,1391.969971
2007/3/8,2396.550049,2387.72998,1391.880005,1401.890015
2007/3/9,2403.129883,2387.550049,1401.890015,1402.839966
2007/3/12,2385.139893,2402.290039,1402.800049,1406.599976
2007/3/13,2388.860107,2350.570068,1406.22998,1377.949951
2007/3/14,2350.939941,2371.73999,1377.859985,1387.170044
2007/3/15,2371.02002,2378.699951,1387.109985,1392.280029
2007/3/16,2376.820068,2372.659912,1392.280029,1386.949951
2007/3/19,2384.659912,2394.409912,1386.949951,1402.060059
2007/3/20,2394.820068,2408.209961,1402.040039,1410.939941
2007/3/21,2415.540039,2455.919922,1410.920044,1435.040039
2007/3/22,2457.060059,2451.73999,1435.040039,1434.540039
2007/3/23,2451.830078,2448.929932,1434.540039,1436.109985
2007/3/26,2451.600098,2455.629883,1436.109985,1437.5
2007/3/27,2448.919922,2437.429932,1437.48999,1428.609985
2007/3/28,2427.189941,2417.100098,1428.349976,1417.22998
2007/3/29,2432.5,2417.879883,1417.170044,1422.530029
2007/3/30,2419.909912,2421.639893,1422.52002,1420.859985
2007/4/2,2425.360107,2422.26001,1420.829956,1424.550049
2007/4/3,2432.300049,2450.330078,1424.27002,1437.77002
2007/4/4,2451.939941,2458.689941,1437.75,1439.369995
2007/4/5,2457.649902,2471.340088,1438.939941,1443.76001
2007/4/9,2478.02002,2469.179932,1443.77002,1444.609985
2007/4/10,2468.129883,2477.610107,1444.579956,1448.390015
2007/4/11,2477.76001,2459.310059,1448.22998,1438.869995
2007/4/12,2455.719971,2480.320068,1438.869995,1447.800049
2007/4/13,2479.689941,2491.939941,1447.800049,1452.849976
2007/4/16,2500.550049,2518.330078,1452.839966,1468.329956
2007/4/17,2519.120117,2516.949951,1468.469971,1471.47998
2007/4/18,2507.340088,2510.5,1471.469971,1472.5
2007/4/19,2497.219971,2505.350098,1472.47998,1470.72998
2007/4/20,2525.22998,2526.389893,1470.689941,1484.349976
2007/4/23,2525.77002,2523.669922,1484.329956,1480.930054
2007/4/24,2528.389893,2524.540039,1480.930054,1480.410034
2007/4/25,2533.540039,2547.889893,1480.280029,1495.420044
2007/4/26,2551.48999,2554.459961,1495.27002,1494.25
2007/4/27,2554.47998,2557.209961,1494.209961,1494.069946
2007/4/30,2558.050049,2525.090088,1494.069946,1482.369995
2007/5/1,2529.949951,2531.530029,1482.369995,1486.300049
2007/5/2,2531.959961,2557.840088,1486.130005,1495.920044
2007/5/3,2560.850098,2565.459961,1495.560059,1502.390015
2007/5/4,2574.5,2572.149902,1502.349976,1505.619995
2007/5/7,2572.639893,2570.949951,1505.569946,1509.47998
2007/5/8,2563.179932,2571.75,1509.359985,1507.719971
2007/5/9,2557.629883,2576.340088,1507.319946,1512.579956
2007/5/10,2564.800049,2533.73999,1512.329956,1491.469971
2007/5/11,2541.659912,2562.219971,1491.469971,1505.849976
2007/5/14,2564.050049,2546.439941,1505.76001,1503.150024
2007/5/15,2544.669922,2525.290039,1503.109985,1501.189941
2007/5/16,2532.709961,2547.419922,1500.75,1514.140015
2007/5/17,2544.320068,2539.379883,1514.01001,1512.75
2007/5/18,2548.070068,2558.449951,1512.73999,1522.75
2007/5/21,2560.929932,2578.790039,1522.75,1525.099976
2007/5/22,2580.040039,2588.02002,1525.099976,1524.119995
2007/5/23,2592.620117,2577.050049,1524.089966,1522.280029
2007/5/24,2577.209961,2537.919922,1522.099976,1507.51001
2007/5/25,2547.409912,2557.189941,1507.5,1515.72998
2007/5/29,2561.040039,2572.060059,1515.550049,1518.109985
2007/5/30,2556.169922,2592.590088,1517.599976,1530.22998
2007/5/31,2599.469971,2604.52002,1530.189941,1530.619995
2007/6/1,2614.01001,2613.919922,1530.619995,1536.339966
2007/6/4,2606.050049,2618.290039,1536.280029,1539.180054
2007/6/5,2611.159912,2611.22998,1539.119995,1530.949951
2007/6/6,2599.560059,2587.179932,1530.569946,1517.380005
2007/6/7,2577.370117,2541.379883,1517.359985,1490.719971
2007/6/8,2541.139893,2573.540039,1490.709961,1507.670044
2007/6/11,2569.639893,2572.149902,1507.640015,1509.119995
2007/6/12,2560.409912,2549.77002,1509.119995,1493
2007/6/13,2558.469971,2582.310059,1492.650024,1515.670044
2007/6/14,2584.139893,2599.409912,1515.579956,1522.969971
2007/6/15,2625.330078,2626.709961,1522.969971,1532.910034
2007/6/18,2631.340088,2626.600098,1532.900024,1531.050049
2007/6/19,2620.310059,2626.76001,1531.02002,1533.699951
2007/6/20,2632.199951,2599.959961,1533.680054,1512.839966
2007/6/21,2597.649902,2616.959961,1512.5,1522.189941
2007/6/22,2610.360107,2588.959961,1522.189941,1502.560059
2007/6/25,2590.590088,2577.080078,1502.560059,1497.73999
2007/6/26,2589.219971,2574.159912,1497.680054,1492.890015
2007/6/27,2563.830078,2605.350098,1492.619995,1506.339966
2007/6/28,2606.139893,2608.370117,1506.319946,1505.709961
2007/6/29,2619.939941,2603.22998,1505.699951,1503.349976
2007/7/2,2617.389893,2632.300049,1504.660034,1519.430054
2007/7/3,2636.709961,2644.949951,1519.119995,1524.869995
2007/7/5,2646.300049,2656.649902,1524.859985,1525.400024
2007/7/6,2656.300049,2666.51001,1524.959961,1530.439941
2007/7/9,2668.98999,2670.02002,1530.430054,1531.849976
2007/7/10,2657.870117,2639.159912,1531.849976,1510.119995
2007/7/11,2637.120117,2651.790039,1509.930054,1518.76001
2007/7/12,2662.76001,2701.72998,1518.73999,1547.699951
2007/7/13,2696.959961,2707,1547.680054,1552.5
2007/7/16,2703.399902,2697.330078,1552.5,1549.52002
2007/7/17,2702.100098,2712.290039,1549.52002,1549.369995
2007/7/18,2695.280029,2699.48999,1549.199951,1546.170044
2007/7/19,2716.659912,2720.040039,1546.130005,1553.079956
2007/7/20,2709.98999,2687.600098,1553.189941,1534.099976
2007/7/23,2698.48999,2690.580078,1534.060059,1541.569946
2007/7/24,2673.699951,2639.860107,1541.569946,1511.040039
2007/7/25,2660.189941,2648.169922,1511.030029,1518.089966
2007/7/26,2620.75,2599.340088,1518.089966,1482.660034
2007/7/27,2599.870117,2562.23999,1482.439941,1458.949951
2007/7/30,2568.139893,2583.280029,1458.930054,1473.910034
2007/7/31,2606.320068,2546.27002,1473.900024,1455.27002
2007/8/1,2538.5,2553.870117,1455.180054,1465.810059
2007/8/2,2557.590088,2575.97998,1465.459961,1472.199951
2007/8/3,2572.919922,2511.25,1472.180054,1433.060059
2007/8/6,2524.870117,2547.330078,1433.040039,1467.670044
2007/8/7,2532.780029,2561.600098,1467.619995,1476.709961
2007/8/8,2582.600098,2612.97998,1476.219971,1497.48999
2007/8/9,2573.030029,2556.48999,1497.209961,1453.089966
2007/8/10,2529.540039,2544.889893,1453.089966,1453.640015
2007/8/13,2566.600098,2542.23999,1453.420044,1452.920044
2007/8/14,2549.26001,2499.120117,1452.869995,1426.540039
2007/8/15,2492.76001,2458.830078,1426.150024,1406.699951
2007/8/16,2440.909912,2451.070068,1406.640015,1411.27002
2007/8/17,2510.379883,2505.030029,1411.26001,1445.939941
2007/8/20,2511.070068,2508.590088,1445.939941,1445.550049
2007/8/21,2502.310059,2521.300049,1445.550049,1447.119995
2007/8/22,2542.98999,2552.800049,1447.030029,1464.069946
2007/8/23,2562.409912,2541.699951,1464.050049,1462.5
2007/8/24,2539.649902,2576.689941,1462.339966,1479.369995
2007/8/27,2570.409912,2561.25,1479.359985,1466.790039
2007/8/28,2546.389893,2500.639893,1466.719971,1432.359985
2007/8/29,2518.820068,2563.159912,1432.01001,1463.76001
2007/8/30,2545.080078,2565.300049,1463.670044,1457.640015
2007/8/31,2596.189941,2596.360107,1457.609985,1473.98999
2007/9/4,2596.379883,2630.23999,1473.959961,1489.420044
2007/9/5,2618.280029,2605.949951,1488.76001,1472.290039
2007/9/6,2615.73999,2614.320068,1472.030029,1478.550049
2007/9/7,2581.47998,2565.699951,1478.550049,1453.550049
2007/9/10,2581.780029,2559.110107,1453.5,1451.699951
2007/9/11,2573.280029,2597.469971,1451.689941,1471.48999
2007/9/12,2592.830078,2592.070068,1471.099976,1471.560059
2007/9/13,2607.129883,2601.060059,1471.469971,1483.949951
2007/9/14,2582.149902,2602.179932,1483.949951,1484.25
2007/9/17,2594.040039,2581.659912,1484.23999,1476.650024
2007/9/18,2592.959961,2651.659912,1476.630005,1519.780029
2007/9/19,2665.889893,2666.47998,1519.75,1529.030029
2007/9/20,2659.580078,2654.290039,1528.689941,1518.75
2007/9/21,2670.75,2671.219971,1518.75,1525.75
2007/9/24,2676.419922,2667.949951,1525.75,1517.72998
2007/9/25,2658.530029,2683.449951,1516.339966,1517.209961
2007/9/26,2696.530029,2699.030029,1518.619995,1525.420044
2007/9/27,2711.820068,2709.590088,1527.319946,1531.380005
2007/9/28,2709.649902,2701.5,1531.23999,1526.75
2007/10/1,2704.25,2740.98999,1527.290039,1547.040039
2007/10/2,2740.649902,2747.110107,1546.959961,1546.630005
2007/10/3,2734.320068,2729.429932,1545.800049,1539.589966
2007/10/4,2735.389893,2733.570068,1539.910034,1542.839966
2007/10/5,2754.679932,2780.320068,1543.839966,1557.589966
2007/10/8,2777.719971,2787.370117,1556.51001,1552.579956
2007/10/9,2793.949951,2803.909912,1553.180054,1565.150024
2007/10/10,2805.439941,2811.610107,1564.97998,1562.469971
2007/10/11,2824.550049,2772.199951,1564.719971,1554.410034
2007/10/12,2779.790039,2805.679932,1555.410034,1561.800049
2007/10/15,2809.169922,2780.050049,1562.25,1548.709961
2007/10/16,2770.030029,2763.909912,1547.810059,1538.530029
2007/10/17,2801.659912,2792.669922,1544.439941,1541.23999
2007/10/18,2778.310059,2799.310059,1539.290039,1540.079956
2007/10/19,2799.320068,2725.159912,1540,1500.630005
2007/10/22,2705.860107,2753.929932,1497.790039,1506.329956
2007/10/23,2775.52002,2799.26001,1509.300049,1519.589966
2007/10/24,2775.330078,2774.76001,1516.609985,1515.880005
2007/10/25,2777.590088,2750.860107,1516.150024,1514.400024
2007/10/26,2806.52002,2804.189941,1522.170044,1535.280029
2007/10/29,2815.159912,2817.439941,1536.920044,1540.97998
2007/10/30,2807.320068,2816.709961,1539.420044,1531.02002
2007/10/31,2827.800049,2859.120117,1532.150024,1549.380005
2007/11/1,2835,2794.830078,1545.790039,1508.439941
2007/11/2,2812.790039,2810.379883,1511.069946,1509.650024
2007/11/5,2782.800049,2795.179932,1505.609985,1502.170044
2007/11/6,2809.810059,2825.179932,1505.329956,1520.27002
2007/11/7,2798.449951,2748.76001,1515.459961,1475.619995
2007/11/8,2748.399902,2696,1475.27002,1474.77002
2007/11/9,2648.959961,2627.939941,1467.589966,1453.699951
2007/11/12,2619.409912,2584.129883,1453.660034,1439.180054
2007/11/13,2613.370117,2673.649902,1441.349976,1481.050049
2007/11/14,2698.030029,2644.320068,1483.400024,1470.579956
2007/11/15,2636.27002,2618.51001,1468.040039,1451.150024
2007/11/16,2631.810059,2637.23999,1453.089966,1458.73999
2007/11/19,2622.439941,2593.379883,1456.699951,1433.27002
2007/11/20,2603.530029,2596.810059,1434.51001,1439.699951
2007/11/21,2570.530029,2562.149902,1434.709961,1416.77002
2007/11/23,2578.98999,2596.600098,1417.619995,1440.699951
2007/11/26,2599.820068,2540.98999,1440.73999,1407.219971
2007/11/27,2557.97998,2580.800049,1409.589966,1428.22998
2007/11/28,2607.330078,2662.909912,1432.949951,1469.02002
2007/11/29,2653.360107,2668.129883,1467.410034,1469.719971
2007/11/30,2693.610107,2660.959961,1471.829956,1481.140015
2007/12/3,2654.909912,2637.129883,1479.630005,1472.420044
2007/12/4,2620.340088,2619.830078,1471.339966,1462.790039
2007/12/5,2648.959961,2666.360107,1465.219971,1485.01001
2007/12/6,2665.870117,2709.030029,1484.589966,1507.339966
2007/12/7,2710.330078,2706.159912,1508.599976,1504.660034
2007/12/10,2710.72998,2718.949951,1505.109985,1515.959961
2007/12/11,2723.090088,2652.350098,1516.680054,1477.650024
2007/12/12,2703.26001,2671.139893,1487.579956,1486.589966
2007/12/13,2651.449951,2668.48999,1483.27002,1488.410034
2007/12/14,2647.679932,2635.73999,1486.189941,1467.949951
2007/12/17,2623.22998,2574.459961,1465.050049,1445.900024
2007/12/18,2597.590088,2596.030029,1445.920044,1454.97998
2007/12/19,2593.330078,2601.01001,1454.699951,1453
2007/12/20,2628.120117,2640.860107,1456.420044,1460.119995
2007/12/21,2676.850098,2691.98999,1463.189941,1484.459961
2007/12/24,2694.350098,2713.5,1484.550049,1496.449951
2007/12/26,2702.820068,2724.409912,1495.119995,1497.660034
2007/12/27,2715.02002,2676.790039,1495.050049,1476.27002
2007/12/28,2693.360107,2674.459961,1479.829956,1478.48999
2007/12/31,2663.780029,2652.280029,1475.25,1468.359985
2008/1/2,2653.909912,2609.629883,1467.969971,1447.160034
2008/1/3,2611.959961,2602.679932,1447.550049,1447.160034
2008/1/4,2571.080078,2504.649902,1444.01001,1411.630005
2008/1/7,2514.149902,2499.459961,1414.069946,1416.180054
2008/1/8,2506.969971,2440.51001,1415.709961,1390.189941
2008/1/9,2443.850098,2474.550049,1390.25,1409.130005
2008/1/10,2452.120117,2488.52002,1406.780029,1420.329956
2008/1/11,2471.860107,2439.939941,1419.910034,1401.02002
2008/1/14,2470.870117,2478.300049,1402.910034,1416.25
2008/1/15,2449.040039,2417.590088,1411.880005,1380.949951
2008/1/16,2390.560059,2394.590088,1377.410034,1373.199951
2008/1/17,2405.73999,2346.899902,1374.790039,1333.25
2008/1/18,2365.560059,2340.02002,1333.900024,1325.189941
2008/1/22,2221.199951,2292.27002,1312.939941,1310.5
2008/1/23,2226.77002,2316.409912,1310.410034,1338.599976
2008/1/24,2328.860107,2360.919922,1340.130005,1352.069946
2008/1/25,2402.800049,2326.199951,1357.319946,1330.609985
2008/1/28,2324.850098,2349.909912,1330.699951,1353.959961
2008/1/29,2360.429932,2358.060059,1355.939941,1362.300049
2008/1/30,2346.360107,2349,1362.219971,1355.810059
2008/1/31,2317.110107,2389.860107,1351.97998,1378.550049
2008/2/1,2392.580078,2413.360107,1378.599976,1395.420044
2008/2/4,2413.419922,2382.850098,1395.380005,1380.819946
2008/2/5,2344.810059,2309.570068,1380.280029,1336.640015
2008/2/6,2327.179932,2278.75,1339.47998,1326.449951
2008/2/7,2259.620117,2293.030029,1324.01001,1336.910034
2008/2/8,2290.5,2304.850098,1336.880005,1331.290039
2008/2/11,2310.75,2320.060059,1331.920044,1339.130005
2008/2/12,2333.310059,2320.040039,1340.550049,1348.859985
2008/2/13,2347.219971,2373.929932,1353.119995,1367.209961
2008/2/14,2376.219971,2332.540039,1367.329956,1348.859985
2008/2/15,2320.580078,2321.800049,1347.52002,1349.98999
2008/2/19,2348.97998,2306.199951,1355.859985,1348.780029
2008/2/20,2292.820068,2327.100098,1348.390015,1360.030029
2008/2/21,2344.080078,2299.780029,1362.209961,1342.530029
2008/2/22,2306.610107,2303.350098,1344.219971,1353.109985
2008/2/25,2303.409912,2327.47998,1352.75,1371.800049
2008/2/26,2314.419922,2344.98999,1371.76001,1381.290039
2008/2/27,2329.159912,2353.780029,1378.949951,1380.02002
2008/2/28,2342.560059,2331.570068,1378.160034,1367.680054
2008/2/29,2309.060059,2271.47998,1364.069946,1330.630005
2008/3/3,2271.26001,2258.600098,1330.449951,1331.339966
2008/3/4,2244.209961,2260.280029,1329.579956,1326.75
2008/3/5,2266.48999,2272.810059,1327.689941,1333.699951
2008/3/6,2265.669922,2220.5,1332.199951,1304.339966
2008/3/7,2204.47998,2212.48999,1301.530029,1293.369995
2008/3/10,2211.139893,2169.340088,1293.160034,1273.369995
2008/3/11,2209.649902,2255.76001,1274.400024,1320.650024
2008/3/12,2259.969971,2243.870117,1321.130005,1308.77002
2008/3/13,2219.280029,2263.610107,1305.26001,1315.47998
2008/3/14,2271.209961,2212.48999,1316.050049,1288.140015
2008/3/17,2166.939941,2177.01001,1283.209961,1276.599976
2008/3/18,2215.610107,2268.26001,1277.160034,1330.73999
2008/3/19,2272.120117,2209.959961,1330.969971,1298.420044
2008/3/20,2220.5,2258.110107,1299.670044,1329.51001
2008/3/24,2268.199951,2326.75,1330.290039,1349.880005
2008/3/25,2329.159912,2341.050049,1349.069946,1352.98999
2008/3/26,2328.620117,2324.360107,1352.449951,1341.130005
2008/3/27,2315.040039,2280.830078,1340.339966,1325.76001
2008/3/28,2291.320068,2261.179932,1327.02002,1315.219971
2008/3/31,2265.149902,2279.100098,1315.920044,1322.699951
2008/4/1,2306.51001,2362.75,1326.410034,1370.180054
2008/4/2,2363.419922,2361.399902,1369.959961,1367.530029
2008/4/3,2347.909912,2363.300049,1365.689941,1369.310059
2008/4/4,2366.909912,2370.97998,1369.849976,1370.400024
2008/4/7,2386.620117,2364.830078,1373.689941,1372.540039
2008/4/8,2353.580078,2348.76001,1370.160034,1365.540039
2008/4/9,2351.939941,2322.120117,1365.5,1354.48999
2008/4/10,2326.780029,2351.699951,1355.369995,1360.550049
2008/4/11,2327.699951,2290.23999,1357.97998,1332.829956
2008/4/14,2287.02002,2275.820068,1332.199951,1328.319946
2008/4/15,2287.429932,2286.040039,1331.719971,1334.430054
2008/4/16,2313.419922,2350.110107,1337.02002,1364.709961
2008/4/17,2347.320068,2341.830078,1363.369995,1365.560059
2008/4/18,2394.52002,2402.969971,1369,1390.329956
2008/4/21,2393.070068,2408.040039,1387.719971,1388.170044
2008/4/22,2397.120117,2376.939941,1386.430054,1375.939941
2008/4/23,2391.639893,2405.209961,1378.400024,1379.930054
2008/4/24,2408.25,2428.919922,1380.52002,1388.819946
2008/4/25,2424.679932,2422.929932,1387.880005,1397.839966
2008/4/28,2422.629883,2424.399902,1397.959961,1396.369995
2008/4/29,2420,2426.100098,1395.609985,1390.939941
2008/4/30,2434.199951,2412.800049,1391.219971,1385.589966
2008/5/1,2416.48999,2480.709961,1385.969971,1409.339966
2008/5/2,2499.139893,2476.98999,1409.160034,1413.900024
2008/5/5,2475.310059,2464.120117,1415.339966,1407.48999
2008/5/6,2455.110107,2483.310059,1405.599976,1418.26001
2008/5/7,2483.030029,2438.48999,1417.48999,1392.569946
2008/5/8,2450.01001,2451.23999,1394.290039,1397.680054
2008/5/9,2432.550049,2445.52002,1394.900024,1388.280029
2008/5/12,2454.649902,2488.48999,1389.400024,1403.579956
2008/5/13,2491.02002,2495.120117,1404.400024,1403.040039
2008/5/14,2503.280029,2496.699951,1405.650024,1408.660034
2008/5/15,2496.439941,2533.72998,1408.359985,1423.569946
2008/5/16,2537.409912,2528.850098,1423.890015,1425.349976
2008/5/19,2530.820068,2516.090088,1425.280029,1426.630005
2008/5/20,2505.860107,2492.26001,1424.48999,1413.400024
2008/5/21,2497.389893,2448.27002,1414.060059,1390.709961
2008/5/22,2454.73999,2464.580078,1390.829956,1394.349976
2008/5/23,2454.139893,2444.669922,1392.199951,1375.930054
2008/5/27,2450.52002,2481.23999,1375.969971,1385.349976
2008/5/28,2491.5,2486.699951,1386.540039,1390.839966
2008/5/29,2486.090088,2508.320068,1390.5,1398.26001
2008/5/30,2519.139893,2522.659912,1398.359985,1400.380005
2008/6/2,2514.820068,2491.530029,1399.619995,1385.670044
2008/6/3,2500.5,2480.47998,1386.420044,1377.650024
2008/6/4,2473.030029,2503.139893,1376.26001,1377.199951
2008/6/5,2509.48999,2549.939941,1377.47998,1404.050049
2008/6/6,2528.52002,2474.560059,1400.060059,1360.680054
2008/6/9,2483.219971,2459.459961,1360.829956,1361.76001
2008/6/10,2436.75,2448.939941,1358.97998,1358.439941
2008/6/11,2444.939941,2394.01001,1357.089966,1335.48999
2008/6/12,2414.459961,2404.350098,1335.780029,1339.869995
2008/6/13,2423.050049,2454.5,1341.810059,1360.030029
2008/6/16,2443.129883,2474.780029,1358.849976,1360.140015
2008/6/17,2481.199951,2457.72998,1360.709961,1350.930054
2008/6/18,2444.959961,2429.709961,1349.589966,1337.810059
2008/6/19,2427.169922,2462.060059,1336.890015,1342.829956
2008/6/20,2441.959961,2406.090088,1341.02002,1317.930054
2008/6/23,2416.550049,2385.73999,1319.77002,1318
2008/6/24,2375.800049,2368.280029,1317.22998,1314.290039
2008/6/25,2376.820068,2401.26001,1314.540039,1321.969971
2008/6/26,2365.860107,2321.370117,1316.290039,1283.150024
2008/6/27,2319.620117,2315.629883,1283.599976,1278.380005
2008/6/30,2312.419922,2292.97998,1278.060059,1280
2008/7/1,2274.23999,2304.969971,1276.689941,1284.910034
2008/7/2,2311.570068,2251.459961,1285.819946,1261.52002
2008/7/3,2261.73999,2245.379883,1262.959961,1262.900024
2008/7/7,2263.689941,2243.320068,1262.900024,1252.310059
2008/7/8,2244.899902,2294.439941,1251.839966,1273.699951
2008/7/9,2290.629883,2234.889893,1273.380005,1244.689941
2008/7/10,2239.949951,2257.850098,1245.25,1253.390015
2008/7/11,2233.379883,2239.080078,1248.660034,1239.48999
2008/7/14,2262.860107,2212.870117,1241.609985,1228.300049
2008/7/15,2197.179932,2215.709961,1226.829956,1214.910034
2008/7/16,2219.27002,2284.850098,1214.650024,1245.359985
2008/7/17,2296.570068,2312.300049,1246.310059,1260.319946
2008/7/18,2286.919922,2282.780029,1258.219971,1260.680054
2008/7/21,2290.75,2279.530029,1261.819946,1260
2008/7/22,2256.320068,2303.959961,1257.079956,1277
2008/7/23,2305.110107,2325.879883,1278.869995,1282.189941
2008/7/24,2329.209961,2280.110107,1283.219971,1252.540039
2008/7/25,2294.689941,2310.530029,1253.51001,1257.76001
2008/7/28,2307.189941,2264.219971,1257.76001,1234.369995
2008/7/29,2274.610107,2319.620117,1236.380005,1263.199951
2008/7/30,2329.01001,2329.719971,1264.52002,1284.26001
2008/7/31,2311.330078,2325.550049,1281.369995,1267.380005
2008/8/1,2326.830078,2310.959961,1269.420044,1260.310059
2008/8/4,2309.75,2285.560059,1253.27002,1249.01001
2008/8/5,2308.139893,2349.830078,1254.869995,1284.880005
2008/8/6,2349.169922,2378.370117,1283.98999,1289.189941
2008/8/7,2362.790039,2355.72998,1286.51001,1266.069946
2008/8/8,2356.840088,2414.100098,1266.290039,1296.319946
2008/8/11,2407.550049,2439.949951,1294.420044,1305.319946
2008/8/12,2434.26001,2430.610107,1304.790039,1289.589966
2008/8/13,2424.320068,2428.620117,1288.640015,1285.829956
2008/8/14,2414.409912,2453.669922,1282.109985,1292.930054
2008/8/15,2463.100098,2452.52002,1293.849976,1298.199951
2008/8/18,2456.959961,2416.97998,1298.140015,1278.599976
2008/8/19,2404.949951,2384.360107,1276.650024,1266.689941
2008/8/20,2396.580078,2389.080078,1267.339966,1274.540039
2008/8/21,2371.540039,2380.379883,1271.069946,1277.719971
2008/8/22,2390.340088,2414.709961,1277.589966,1292.199951
2008/8/25,2399.72998,2365.590088,1290.469971,1266.839966
2008/8/26,2364.310059,2361.969971,1267.030029,1271.51001
2008/8/27,2362.860107,2382.459961,1271.290039,1281.660034
2008/8/28,2390.110107,2411.639893,1283.790039,1300.680054
2008/8/29,2388.669922,2367.52002,1296.48999,1282.829956
2008/9/2,2402.110107,2349.23999,1287.829956,1277.579956
2008/9/3,2346.810059,2333.72998,1276.609985,1274.97998
2008/9/4,2315.179932,2259.040039,1271.800049,1236.829956
2008/9/5,2241.620117,2255.879883,1233.209961,1242.310059
2008/9/8,2296.179932,2269.76001,1249.5,1267.790039
2008/9/9,2269.929932,2209.810059,1267.97998,1224.51001
2008/9/10,2232.209961,2228.699951,1227.5,1232.040039
2008/9/11,2199.030029,2258.219971,1229.040039,1249.050049
2008/9/12,2239.25,2261.27002,1245.880005,1251.699951
2008/9/15,2202.280029,2179.909912,1250.920044,1192.699951
2008/9/16,2149.649902,2207.899902,1188.310059,1213.599976
2008/9/17,2177.580078,2098.850098,1210.339966,1156.390015
2008/9/18,2137.419922,2199.100098,1157.079956,1206.51001
2008/9/19,2303.899902,2273.899902,1213.109985,1255.079956
2008/9/22,2265.77002,2178.97998,1255.369995,1207.089966
2008/9/23,2190.709961,2153.330078,1207.609985,1188.219971
2008/9/24,2167.550049,2155.679932,1188.790039,1185.869995
2008/9/25,2172.26001,2186.570068,1187.869995,1209.180054
2008/9/26,2144.060059,2183.340088,1204.469971,1213.27002
2008/9/29,2147.159912,1983.72998,1209.069946,1106.420044
2008/9/30,2033.689941,2091.879883,1113.780029,1166.359985
2008/10/1,2075.100098,2069.399902,1164.170044,1161.060059
2008/10/2,2052.51001,1976.719971,1160.640015,1114.280029
2008/10/3,2005.920044,1947.390015,1115.160034,1099.22998
2008/10/6,1898.630005,1862.959961,1097.560059,1056.890015
2008/10/7,1867.969971,1754.880005,1057.599976,996.22998
2008/10/8,1710.959961,1740.329956,988.909973,984.940002
2008/10/9,1766.25,1645.119995,988.419983,909.919983
2008/10/10,1590.77002,1649.51001,902.309998,899.219971
2008/10/13,1734.599976,1844.25,912.75,1003.349976
2008/10/14,1894.869995,1779.01001,1009.969971,998.01001
2008/10/15,1754.619995,1628.329956,994.599976,907.840027
2008/10/16,1644.550049,1717.709961,909.530029,946.429993
2008/10/17,1678.780029,1711.290039,942.289978,940.549988
2008/10/20,1735.130005,1770.030029,943.51001,985.400024
2008/10/21,1741.839966,1696.680054,980.400024,955.049988
2008/10/22,1671.22998,1615.75,951.669983,896.780029
2008/10/23,1621.109985,1603.910034,899.080017,908.109985
2008/10/24,1493.790039,1552.030029,895.219971,876.77002
2008/10/27,1528.119995,1505.900024,874.280029,848.919983
2008/10/28,1552.23999,1649.469971,848.919983,940.51001
2008/10/29,1643.97998,1657.209961,939.51001,930.090027
2008/10/30,1698.430054,1698.52002,939.380005,954.090027
2008/10/31,1684.709961,1720.949951,953.109985,968.75
2008/11/3,1718.890015,1726.329956,968.669983,966.299988
2008/11/4,1761.089966,1780.119995,971.309998,1005.75
2008/11/5,1757.01001,1681.640015,1001.840027,952.77002
2008/11/6,1659.569946,1608.699951,952.400024,904.880005
2008/11/7,1629.689941,1647.400024,907.440002,930.98999
2008/11/10,1680.670044,1616.73999,936.75,919.210022
2008/11/11,1598.589966,1580.900024,917.150024,898.950012
2008/11/12,1555.170044,1499.209961,893.390015,852.299988
2008/11/13,1503.060059,1596.699951,853.130005,911.289978
2008/11/14,1560.589966,1516.849976,904.359985,873.289978
2008/11/17,1494.73999,1482.050049,873.22998,850.75
2008/11/18,1488.930054,1483.27002,852.340027,859.119995
2008/11/19,1479.130005,1386.420044,859.030029,806.580017
2008/11/20,1373.77002,1316.119995,805.869995,752.440002
2008/11/21,1346.77002,1384.349976,755.840027,800.030029
2008/11/24,1409.719971,1472.02002,801.200012,851.809998
2008/11/25,1472.02002,1464.72998,853.400024,857.390015
2008/11/26,1441.209961,1532.099976,852.900024,887.679993
2008/11/28,1517.949951,1535.569946,886.890015,896.23999
2008/12/1,1496.089966,1398.069946,888.609985,816.210022
2008/12/2,1423.849976,1449.800049,817.940002,848.809998
2008/12/3,1416.030029,1492.380005,843.599976,870.73999
2008/12/4,1465.77002,1445.560059,869.75,845.219971
2008/12/5,1426.930054,1509.310059,844.429993,876.070007
2008/12/8,1541.439941,1571.73999,882.710022,909.700012
2008/12/9,1546.540039,1547.339966,906.47998,888.669983
2008/12/10,1563.660034,1565.47998,892.169983,899.23999
2008/12/11,1548.469971,1507.880005,898.349976,873.590027
2008/12/12,1482.550049,1540.719971,871.789978,879.72998
2008/12/15,1544.160034,1508.339966,881.070007,868.570007
2008/12/16,1526.060059,1589.890015,871.530029,913.179993
2008/12/17,1568.880005,1579.310059,908.159973,904.419983
2008/12/18,1583.170044,1552.369995,905.97998,885.280029
2008/12/19,1572.75,1564.319946,886.960022,887.880005
2008/12/22,1562.170044,1532.349976,887.200012,871.630005
2008/12/23,1539.369995,1521.540039,874.309998,863.159973
2008/12/24,1525.150024,1524.900024,863.869995,868.150024
2008/12/26,1531.199951,1530.23999,869.51001,872.799988
2008/12/29,1529.540039,1510.319946,872.369995,869.419983
2008/12/30,1521.180054,1550.699951,870.580017,890.640015
2008/12/31,1550.869995,1577.030029,890.590027,903.25
2009/1/2,1578.869995,1632.209961,902.98999,931.799988
2009/1/5,1621.47998,1628.030029,929.169983,927.450012
2009/1/6,1642.369995,1652.380005,931.169983,934.700012
2009/1/7,1621.630005,1599.060059,927.450012,906.650024
2009/1/8,1590.25,1617.01001,905.72998,909.72998
2009/1/9,1617.050049,1571.589966,909.909973,890.349976
2009/1/12,1573.449951,1538.790039,890.400024,870.26001
2009/1/13,1537.420044,1546.459961,869.789978,871.789978
2009/1/14,1521.709961,1489.640015,867.280029,842.619995
2009/1/15,1489.459961,1511.839966,841.98999,843.73999
2009/1/16,1532.469971,1529.329956,844.450012,850.119995
2009/1/20,1520.76001,1440.859985,849.640015,805.219971
2009/1/21,1466.400024,1507.069946,806.77002,840.23999
2009/1/22,1470.849976,1465.48999,839.73999,827.5
2009/1/23,1440.780029,1477.290039,822.159973,831.950012
2009/1/26,1479.97998,1489.459961,832.5,836.570007
2009/1/27,1494.119995,1504.900024,837.299988,845.710022
2009/1/28,1530.47998,1558.339966,845.72998,874.090027
2009/1/29,1537.469971,1507.839966,868.890015,845.140015
2009/1/30,1519.459961,1476.420044,845.690002,825.880005
2009/2/2,1460.849976,1494.430054,823.090027,825.440002
2009/2/3,1499.589966,1516.300049,825.690002,838.51001
2009/2/4,1517.189941,1515.050049,837.77002,832.22998
2009/2/5,1498.589966,1546.23999,831.75,845.849976
2009/2/6,1547,1591.709961,846.090027,868.599976
2009/2/9,1590.73999,1591.560059,868.23999,869.890015
2009/2/10,1578.02002,1524.72998,866.869995,827.159973
2009/2/11,1531.579956,1530.5,827.409973,833.73999
2009/2/12,1510.170044,1541.709961,829.909973,835.190002
2009/2/13,1539.719971,1534.359985,833.950012,826.840027
2009/2/17,1489.119995,1470.660034,818.609985,789.169983
2009/2/18,1480.650024,1467.969971,791.059998,788.419983
2009/2/19,1478.550049,1442.819946,787.909973,778.940002
2009/2/20,1427.030029,1441.22998,775.869995,770.049988
2009/2/23,1452.579956,1387.719971,773.25,743.330017
2009/2/24,1399.369995,1441.829956,744.690002,773.140015
2009/2/25,1428.76001,1425.430054,770.640015,764.900024
2009/2/26,1436.849976,1391.469971,765.76001,752.830017
2009/2/27,1376.560059,1377.839966,749.929993,735.090027
2009/3/2,1356.130005,1322.849976,729.570007,700.820007
2009/3/3,1341.420044,1321.01001,704.440002,696.330017
2009/3/4,1340.380005,1353.73999,698.599976,712.869995
2009/3/5,1332.380005,1299.589966,708.27002,682.549988
2009/3/6,1310.589966,1293.849976,684.039978,683.380005
2009/3/9,1284.839966,1268.640015,680.76001,676.530029
2009/3/10,1288.949951,1358.280029,679.280029,719.599976
2009/3/11,1364.800049,1371.640015,719.590027,721.359985
2009/3/12,1367.780029,1426.099976,720.890015,750.73999
2009/3/13,1427.030029,1431.5,751.969971,756.549988
2009/3/16,1445.27002,1404.02002,758.840027,753.890015
2009/3/17,1409.670044,1462.109985,753.880005,778.119995
2009/3/18,1454.439941,1491.219971,776.01001,794.349976
2009/3/19,1509.060059,1483.47998,797.919983,784.039978
2009/3/20,1488.150024,1457.27002,784.580017,768.539978
2009/3/23,1491.26001,1555.77002,772.309998,822.919983
2009/3/24,1535.680054,1516.52002,820.599976,806.119995
2009/3/25,1527.589966,1528.949951,806.809998,813.880005
2009/3/26,1549.400024,1587,814.059998,832.859985
2009/3/27,1564.119995,1545.199951,828.679993,815.940002
2009/3/30,1516.790039,1501.800049,809.070007,787.530029
2009/3/31,1518.699951,1528.589966,790.880005,797.869995
2009/4/1,1504.869995,1551.599976,793.590027,811.080017
2009/4/2,1579.969971,1602.630005,814.530029,834.380005
2009/4/3,1609.050049,1621.869995,835.130005,842.5
2009/4/6,1602.23999,1606.709961,839.75,835.47998
2009/4/7,1585.579956,1561.609985,834.119995,815.549988
2009/4/8,1576.930054,1590.660034,816.76001,825.159973
2009/4/9,1618.829956,1652.540039,829.289978,856.559998
2009/4/13,1641.609985,1653.310059,855.330017,858.72998
2009/4/14,1637.5,1625.719971,856.880005,841.5
2009/4/15,1613.560059,1626.800049,839.440002,852.059998
2009/4/16,1645.52002,1670.439941,854.539978,865.299988
2009/4/17,1665.599976,1673.069946,865.179993,869.599976
2009/4/20,1641.349976,1608.209961,868.27002,832.390015
2009/4/21,1599.030029,1643.849976,831.25,850.080017
2009/4/22,1630.140015,1646.119995,847.26001,843.549988
2009/4/23,1651.469971,1652.209961,844.619995,851.919983
2009/4/24,1666.430054,1694.290039,853.909973,866.22998
2009/4/27,1672.869995,1679.410034,862.820007,857.51001
2009/4/28,1668.26001,1673.810059,854.47998,855.159973
2009/4/29,1688.660034,1711.939941,856.849976,873.640015
2009/4/30,1732.469971,1717.300049,876.590027,872.809998
2009/5/1,1719.290039,1719.199951,872.73999,877.52002
2009/5/4,1733.709961,1763.560059,879.210022,907.23999
2009/5/5,1757.26001,1754.119995,906.099976,903.799988
2009/5/6,1768.689941,1759.099976,903.950012,919.530029
2009/5/7,1772.099976,1716.23999,919.580017,907.390015
2009/5/8,1733.5,1739,909.030029,929.22998
2009/5/11,1713.650024,1731.23999,922.98999,909.23999
2009/5/12,1742.859985,1715.920044,910.52002,908.349976
2009/5/13,1696.800049,1664.189941,905.400024,883.919983
2009/5/14,1672.47998,1689.209961,884.23999,893.070007
2009/5/15,1687.48999,1680.140015,892.76001,882.880005
2009/5/18,1696.819946,1732.359985,886.070007,909.710022
2009/5/19,1727,1734.540039,909.669983,908.130005
2009/5/20,1743.599976,1727.839966,908.619995,903.469971
2009/5/21,1709.829956,1695.25,900.419983,888.330017
2009/5/22,1702.060059,1692.01001,888.679993,887
2009/5/26,1677.719971,1750.430054,887,910.330017
2009/5/27,1745.560059,1731.079956,909.950012,893.059998
2009/5/28,1744.22998,1751.790039,892.960022,906.830017
2009/5/29,1756.26001,1774.329956,907.02002,919.140015
2009/6/1,1796.089966,1828.680054,923.26001,942.869995
2009/6/2,1821.219971,1836.800049,942.869995,944.73999
2009/6/3,1825.599976,1825.920044,942.51001,931.76001
2009/6/4,1829.839966,1850.02002,932.48999,942.460022
2009/6/5,1864.02002,1849.420044,945.669983,940.090027
2009/6/8,1836.869995,1842.400024,938.119995,939.140015
2009/6/9,1850.47998,1860.130005,940.349976,942.429993
2009/6/10,1872.01001,1853.079956,942.72998,939.150024
2009/6/11,1854.75,1862.369995,939.039978,944.890015
2009/6/12,1852.430054,1858.800049,943.440002,946.210022
2009/6/15,1837.939941,1816.380005,942.450012,923.719971
2009/6/16,1825.199951,1796.180054,925.599976,911.969971
2009/6/17,1799.219971,1808.060059,911.890015,910.710022
2009/6/18,1809.040039,1807.719971,910.859985,918.369995
2009/6/19,1824.98999,1827.469971,919.960022,921.22998
2009/6/22,1809.530029,1766.189941,918.130005,893.039978
2009/6/23,1771.420044,1764.920044,893.460022,895.099976
2009/6/24,1780.880005,1792.339966,896.309998,900.940002
2009/6/25,1783.189941,1829.540039,899.450012,920.26001
2009/6/26,1819.160034,1838.219971,918.840027,918.900024
2009/6/29,1842.089966,1844.060059,919.859985,927.22998
2009/6/30,1845.469971,1835.040039,927.150024,919.320007
2009/7/1,1846.119995,1845.719971,920.820007,923.330017
2009/7/2,1823.689941,1796.52002,921.23999,896.419983
2009/7/6,1783.5,1787.400024,894.27002,898.719971
2009/7/7,1787.439941,1746.170044,898.599976,881.030029
2009/7/8,1756,1747.170044,881.900024,879.559998
2009/7/9,1756.969971,1752.550049,881.280029,882.679993
2009/7/10,1744.609985,1756.030029,880.030029,879.130005
2009/7/13,1761.030029,1793.209961,879.570007,901.049988
2009/7/14,1790.699951,1799.72998,900.77002,905.840027
2009/7/15,1827.609985,1862.900024,910.150024,932.679993
2009/7/16,1856.050049,1885.030029,930.169983,940.73999
2009/7/17,1880.310059,1886.609985,940.559998,940.380005
2009/7/20,1896.98999,1909.290039,942.070007,951.130005
2009/7/21,1917.390015,1916.199951,951.969971,954.580017
2009/7/22,1908.829956,1926.380005,953.400024,954.070007
2009/7/23,1924.959961,1973.599976,954.070007,976.289978
2009/7/24,1943.22998,1965.959961,972.159973,979.26001
2009/7/27,1964.619995,1967.890015,978.630005,982.179993
2009/7/28,1957.26001,1975.51001,981.47998,979.619995
2009/7/29,1965.319946,1967.76001,977.659973,975.150024
2009/7/30,1986.209961,1984.300049,976.01001,986.75
2009/7/31,1980.719971,1978.5,986.799988,987.47998
2009/8/3,1998.349976,2008.609985,990.219971,1002.630005
2009/8/4,1996.380005,2011.310059,1001.409973,1005.650024
2009/8/5,2014.449951,1993.050049,1005.409973,1002.719971
2009/8/6,1999.209961,1973.160034,1004.059998,997.080017
2009/8/7,1997,2000.25,999.830017,1010.47998
2009/8/10,1991.439941,1992.23999,1008.890015,1007.099976
2009/8/11,1985.060059,1969.72998,1005.77002,994.349976
2009/8/12,1970.949951,1998.719971,994,1005.809998
2009/8/13,2009.27002,2009.349976,1005.859985,1012.72998
2009/8/14,2005.790039,1985.52002,1012.22998,1004.090027
2009/8/17,1949.22998,1930.839966,998.179993,979.72998
2009/8/18,1940.550049,1955.920044,980.619995,989.669983
2009/8/19,1933.390015,1969.23999,986.880005,996.460022
2009/8/20,1967.569946,1989.219971,996.409973,1007.369995
2009/8/21,2000.150024,2020.900024,1009.059998,1026.130005
2009/8/24,2026.109985,2017.97998,1026.589966,1025.569946
2009/8/25,2025.589966,2024.22998,1026.630005,1028
2009/8/26,2021.300049,2024.430054,1027.349976,1028.119995
2009/8/27,2021.310059,2027.72998,1027.810059,1030.97998
2009/8/28,2050.530029,2028.77002,1031.619995,1028.930054
2009/8/31,2011.140015,2009.060059,1025.209961,1020.619995
2009/9/1,2001.300049,1968.890015,1019.52002,998.039978
2009/9/2,1960.069946,1967.069946,996.070007,994.75
2009/9/3,1975.849976,1983.199951,996.119995,1003.23999
2009/9/4,1986.97998,2018.780029,1003.840027,1016.400024
2009/9/8,2034.73999,2037.77002,1018.669983,1025.390015
2009/9/9,2038.920044,2060.389893,1025.359985,1033.369995
2009/9/10,2059.47998,2084.02002,1032.98999,1044.140015
2009/9/11,2083.340088,2080.899902,1043.920044,1042.72998
2009/9/14,2066.149902,2091.780029,1040.150024,1049.339966
2009/9/15,2090.330078,2102.639893,1049.030029,1052.630005
2009/9/16,2110.060059,2133.149902,1053.98999,1068.76001
2009/9/17,2129.419922,2126.75,1067.869995,1065.48999
2009/9/18,2134.850098,2132.860107,1066.599976,1068.300049
2009/9/21,2121.340088,2138.040039,1067.140015,1064.660034
2009/9/22,2150.02002,2146.300049,1066.349976,1071.660034
2009/9/23,2152.429932,2131.419922,1072.689941,1060.869995
2009/9/24,2140.060059,2107.610107,1062.560059,1050.780029
2009/9/25,2095.840088,2090.919922,1049.47998,1044.380005
2009/9/28,2101.919922,2130.73999,1045.380005,1062.97998
2009/9/29,2131.669922,2124.040039,1063.689941,1060.609985
2009/9/30,2131.300049,2122.419922,1061.02002,1057.079956
2009/10/1,2111.77002,2057.47998,1054.910034,1029.849976
2009/10/2,2040.839966,2048.110107,1029.709961,1025.209961
2009/10/5,2056.52002,2068.149902,1026.869995,1040.459961
2009/10/6,2080.399902,2103.570068,1042.02002,1054.719971
2009/10/7,2099.060059,2110.330078,1053.650024,1057.579956
2009/10/8,2124.689941,2123.929932,1060.030029,1065.47998
2009/10/9,2120,2139.280029,1065.280029,1071.48999
2009/10/12,2145.629883,2139.139893,1071.630005,1076.189941
2009/10/13,2138.699951,2139.889893,1074.959961,1073.189941
2009/10/14,2165.830078,2172.22998,1078.680054,1092.02002
2009/10/15,2164.330078,2173.290039,1090.359985,1096.560059
2009/10/16,2164.72998,2156.800049,1094.670044,1087.680054
2009/10/19,2162.409912,2176.320068,1088.219971,1097.910034
2009/10/20,2180.429932,2163.469971,1098.640015,1091.060059
2009/10/21,2160.780029,2150.72998,1090.359985,1081.400024
2009/10/22,2146.719971,2165.290039,1080.959961,1092.910034
2009/10/23,2186.639893,2154.469971,1095.619995,1079.599976
2009/10/26,2158.810059,2141.850098,1080.359985,1066.949951
2009/10/27,2144.149902,2116.090088,1067.540039,1063.410034
2009/10/28,2103.360107,2059.610107,1061.51001,1042.630005
2009/10/29,2077.040039,2097.550049,1043.689941,1066.109985
2009/10/30,2091.560059,2045.109985,1065.410034,1036.189941
2009/11/2,2047.420044,2049.199951,1036.180054,1042.880005
2009/11/3,2034.089966,2057.320068,1040.920044,1045.410034
2009/11/4,2067.560059,2055.52002,1047.140015,1046.5
2009/11/5,2078.830078,2105.320068,1047.300049,1066.630005
2009/11/6,2089.48999,2112.439941,1064.949951,1069.300049
2009/11/9,2128.459961,2154.060059,1072.310059,1093.079956
2009/11/10,2147.23999,2151.080078,1091.859985,1093.01001
2009/11/11,2166.530029,2166.899902,1096.040039,1098.51001
2009/11/12,2166.97998,2149.02002,1098.310059,1087.23999
2009/11/13,2156.679932,2167.879883,1087.589966,1093.47998
2009/11/16,2177.310059,2197.850098,1094.130005,1109.300049
2009/11/17,2190.120117,2203.780029,1109.219971,1110.319946
2009/11/18,2199.870117,2193.139893,1109.439941,1109.800049
2009/11/19,2176.370117,2156.820068,1106.439941,1094.900024
2009/11/20,2145.070068,2146.040039,1094.660034,1091.380005
2009/11/23,2168.949951,2176.01001,1094.859985,1106.23999
2009/11/24,2174.689941,2169.179932,1105.829956,1105.650024
2009/11/25,2174,2176.050049,1106.48999,1110.630005
2009/11/27,2115.959961,2138.439941,1105.469971,1091.48999
2009/11/30,2135.929932,2144.600098,1091.069946,1095.630005
2009/12/1,2162.22998,2175.810059,1098.890015,1108.859985
2009/12/2,2178.51001,2185.030029,1109.030029,1109.23999
2009/12/3,2190.419922,2173.139893,1110.589966,1099.920044
2009/12/4,2203.75,2194.350098,1100.430054,1105.97998
2009/12/7,2191.350098,2189.610107,1105.52002,1103.25
2009/12/8,2174.719971,2172.98999,1103.040039,1091.939941
2009/12/9,2170.02002,2183.72998,1091.069946,1095.949951
2009/12/10,2194.899902,2190.860107,1098.689941,1102.349976
2009/12/11,2200.959961,2190.310059,1103.959961,1106.410034
2009/12/14,2202.310059,2212.100098,1107.839966,1114.109985
2009/12/15,2203.540039,2201.050049,1114.109985,1107.930054
2009/12/16,2210.350098,2206.909912,1108.609985,1109.180054
2009/12/17,2193.5,2180.050049,1106.359985,1096.079956
2009/12/18,2197.570068,2211.689941,1097.859985,1102.469971
2009/12/21,2224.040039,2237.659912,1105.310059,1114.050049
2009/12/22,2242.610107,2252.669922,1114.51001,1118.02002
2009/12/23,2257.209961,2269.639893,1118.839966,1120.589966
2009/12/24,2273.949951,2285.689941,1121.079956,1126.47998
2009/12/28,2290.040039,2291.080078,1127.530029,1127.780029
2009/12/29,2293.939941,2288.399902,1128.550049,1126.199951
2009/12/30,2284.560059,2291.280029,1125.530029,1126.420044
2009/12/31,2292.919922,2269.149902,1126.599976,1115.099976
2010/1/4,2294.409912,2308.419922,1116.560059,1132.98999
2010/1/5,2307.27002,2308.709961,1132.660034,1136.52002
2010/1/6,2307.709961,2301.090088,1135.709961,1137.140015
2010/1/7,2298.090088,2300.050049,1136.27002,1141.689941
2010/1/8,2292.23999,2317.169922,1140.52002,1144.97998
2010/1/11,2324.780029,2312.409912,1145.959961,1146.97998
2010/1/12,2297.280029,2282.310059,1143.810059,1136.219971
2010/1/13,2289.459961,2307.899902,1137.310059,1145.680054
2010/1/14,2303.310059,2316.73999,1145.680054,1148.459961
2010/1/15,2316.97998,2287.98999,1147.719971,1136.030029
2010/1/19,2291.02002,2320.399902,1136.030029,1150.22998
2010/1/20,2304.310059,2291.25,1147.949951,1138.040039
2010/1/21,2298.22998,2265.699951,1138.680054,1116.47998
2010/1/22,2255.76001,2205.290039,1115.48999,1091.76001
2010/1/25,2220.290039,2210.800049,1092.400024,1096.780029
2010/1/26,2203.439941,2203.72998,1095.800049,1092.170044
2010/1/27,2200.300049,2221.409912,1091.939941,1097.5
2010/1/28,2220.310059,2179,1096.930054,1084.530029
2010/1/29,2198.26001,2147.350098,1087.609985,1073.869995
2010/2/1,2155.810059,2171.199951,1073.890015,1089.189941
2010/2/2,2171.659912,2190.060059,1090.050049,1103.319946
2010/2/3,2181.01001,2190.909912,1100.670044,1097.280029
2010/2/4,2176.389893,2125.429932,1097.25,1063.109985
2010/2/5,2131.919922,2141.120117,1064.119995,1066.189941
2010/2/8,2140.100098,2126.050049,1065.51001,1056.73999
2010/2/9,2153.100098,2150.870117,1060.060059,1070.52002
2010/2/10,2147.459961,2147.870117,1069.680054,1068.130005
2010/2/11,2145.090088,2177.409912,1067.099976,1078.469971
2010/2/12,2157.689941,2183.530029,1075.949951,1075.51001
2010/2/16,2200.379883,2214.189941,1079.130005,1094.869995
2010/2/17,2222.870117,2226.290039,1096.140015,1099.51001
2010/2/18,2223.219971,2241.709961,1099.030029,1106.75
2010/2/19,2233.330078,2243.870117,1105.48999,1109.170044
2010/2/22,2250.919922,2242.030029,1110,1108.01001
2010/2/23,2238.01001,2213.439941,1107.48999,1094.599976
2010/2/24,2222.399902,2235.899902,1095.890015,1105.23999
2010/2/25,2208.620117,2234.219971,1101.23999,1102.939941
2010/2/26,2234.439941,2238.26001,1103.099976,1104.48999
2010/3/1,2247.399902,2273.570068,1105.359985,1115.709961
2010/3/2,2279.070068,2280.790039,1117.01001,1118.310059
2010/3/3,2284.820068,2280.679932,1119.359985,1118.790039
2010/3/4,2282.570068,2292.310059,1119.119995,1122.969971
2010/3/5,2304.01001,2326.350098,1125.119995,1138.699951
2010/3/8,2326.25,2332.209961,1138.400024,1138.5
2010/3/9,2325.780029,2340.679932,1137.560059,1140.449951
2010/3/10,2340.949951,2358.949951,1140.219971,1145.609985
2010/3/11,2351.110107,2368.459961,1143.959961,1150.23999
2010/3/12,2376.070068,2367.659912,1151.709961,1149.98999
2010/3/15,2361.919922,2362.209961,1148.530029,1150.51001
2010/3/16,2367.320068,2378.01001,1150.829956,1159.459961
2010/3/17,2381.649902,2389.090088,1159.939941,1166.209961
2010/3/18,2387.540039,2391.280029,1166.130005,1165.829956
2010/3/19,2391.199951,2374.409912,1166.680054,1159.900024
2010/3/22,2360.350098,2395.399902,1157.25,1165.810059
2010/3/23,2397.899902,2415.23999,1166.469971,1174.170044
2010/3/24,2406.719971,2398.76001,1172.699951,1167.719971
2010/3/25,2415.23999,2397.409912,1170.030029,1165.72998
2010/3/26,2406.72998,2395.129883,1167.579956,1166.589966
2010/3/29,2403.77002,2404.360107,1167.709961,1173.219971
2010/3/30,2406.689941,2410.689941,1173.75,1173.27002
2010/3/31,2402.97998,2397.959961,1171.75,1169.430054
2010/4/1,2411.679932,2402.580078,1171.22998,1178.099976
2010/4/5,2409.47998,2429.530029,1178.709961,1187.439941
2010/4/6,2420.330078,2436.810059,1186.01001,1189.439941
2010/4/7,2433.100098,2431.159912,1188.22998,1182.449951
2010/4/8,2423.98999,2436.810059,1181.75,1186.439941
2010/4/9,2441.310059,2454.050049,1187.469971,1194.369995
2010/4/12,2455.399902,2457.870117,1194.939941,1196.47998
2010/4/13,2454.949951,2465.98999,1195.939941,1197.300049
2010/4/14,2481.800049,2504.860107,1198.689941,1210.650024
2010/4/15,2503.409912,2515.689941,1210.77002,1211.670044
2010/4/16,2505.379883,2481.26001,1210.170044,1192.130005
2010/4/19,2477.800049,2480.110107,1192.060059,1197.52002
2010/4/20,2492.719971,2500.310059,1199.040039,1207.170044
2010/4/21,2506.610107,2504.610107,1207.160034,1205.939941
2010/4/22,2483.52002,2519.070068,1202.52002,1208.670044
2010/4/23,2514.850098,2530.149902,1207.869995,1217.280029
2010/4/26,2529.850098,2522.949951,1217.069946,1212.050049
2010/4/27,2512.580078,2471.469971,1209.920044,1183.709961
2010/4/28,2483.030029,2471.72998,1184.589966,1191.359985
2010/4/29,2487.330078,2511.919922,1193.300049,1206.780029
2010/4/30,2509.98999,2461.189941,1206.77002,1186.689941
2010/5/3,2472.320068,2498.73999,1188.579956,1202.26001
2010/5/4,2465.550049,2424.25,1197.5,1173.599976
2010/5/5,2395.209961,2402.290039,1169.23999,1165.869995
2010/5/6,2391.209961,2319.639893,1164.380005,1128.150024
2010/5/7,2308.709961,2265.639893,1127.040039,1110.880005
2010/5/10,2365.969971,2374.669922,1122.27002,1159.72998
2010/5/11,2347.699951,2375.310059,1156.390015,1155.790039
2010/5/12,2388.639893,2425.02002,1155.430054,1171.670044
2010/5/13,2416.360107,2394.360107,1170.040039,1157.439941
2010/5/14,2373.879883,2346.850098,1157.189941,1135.680054
2010/5/17,2352.77002,2354.22998,1136.52002,1136.939941
2010/5/18,2372.840088,2317.26001,1138.780029,1120.800049
2010/5/19,2307.780029,2298.370117,1119.569946,1115.050049
2010/5/20,2245.560059,2204.01001,1107.339966,1071.589966
2010/5/21,2169.580078,2229.040039,1067.26001,1087.689941
2010/5/24,2220.600098,2213.550049,1084.780029,1073.650024
2010/5/25,2157.449951,2210.949951,1067.420044,1074.030029
2010/5/26,2226.23999,2195.879883,1075.51001,1067.949951
2010/5/27,2244.820068,2277.679932,1074.27002,1103.060059
2010/5/28,2275.189941,2257.040039,1102.589966,1089.410034
2010/6/1,2244.790039,2222.330078,1087.300049,1070.709961
2010/6/2,2234.590088,2281.070068,1073.01001,1098.380005
2010/6/3,2285.76001,2303.030029,1098.819946,1102.829956
2010/6/4,2257.050049,2219.169922,1098.430054,1064.880005
2010/6/7,2226.600098,2173.899902,1065.839966,1050.469971
2010/6/8,2176.070068,2170.570068,1050.810059,1062
2010/6/9,2184.780029,2158.850098,1062.75,1055.689941
2010/6/10,2188.709961,2218.709961,1058.77002,1086.839966
2010/6/11,2199.399902,2243.600098,1082.650024,1091.599976
2010/6/14,2263.659912,2243.959961,1095,1089.630005
2010/6/15,2256.47998,2305.879883,1091.209961,1115.22998
2010/6/16,2293.560059,2305.929932,1114.02002,1114.609985
2010/6/17,2316.590088,2307.159912,1115.97998,1116.040039
2010/6/18,2308.939941,2309.800049,1116.160034,1117.51001
2010/6/21,2341.110107,2289.090088,1122.790039,1113.199951
2010/6/22,2296.830078,2261.800049,1113.900024,1095.310059
2010/6/23,2264.409912,2254.22998,1095.569946,1092.040039
2010/6/24,2246.199951,2217.419922,1090.930054,1073.689941
2010/6/25,2224.72998,2223.47998,1075.099976,1076.76001
2010/6/28,2227.429932,2220.649902,1077.5,1074.569946
2010/6/29,2183.919922,2135.179932,1071.099976,1041.23999
2010/6/30,2134.030029,2109.23999,1040.560059,1030.709961
2010/7/1,2110.75,2101.360107,1031.099976,1027.369995
2010/7/2,2105.5,2091.790039,1027.650024,1022.580017
2010/7/6,2122.280029,2093.879883,1028.089966,1028.060059
2010/7/7,2099.659912,2159.469971,1028.540039,1060.27002
2010/7/8,2174.959961,2175.399902,1062.920044,1070.25
2010/7/9,2174.199951,2196.449951,1070.5,1077.959961
2010/7/12,2194.120117,2198.360107,1077.22998,1078.75
2010/7/13,2221.25,2242.030029,1080.650024,1095.339966
2010/7/14,2246.98999,2249.840088,1095.609985,1095.170044
2010/7/15,2247.76001,2249.080078,1094.459961,1096.47998
2010/7/16,2231.709961,2179.050049,1093.849976,1064.880005
2010/7/19,2185.810059,2198.22998,1066.849976,1071.25
2010/7/20,2165.350098,2222.48999,1064.530029,1083.47998
2010/7/21,2236.129883,2187.330078,1086.670044,1069.589966
2010/7/22,2216.040039,2245.889893,1072.140015,1093.670044
2010/7/23,2234.340088,2269.469971,1092.170044,1102.660034
2010/7/26,2271.620117,2296.429932,1102.890015,1115.01001
2010/7/27,2306.620117,2288.25,1117.359985,1113.839966
2010/7/28,2284.620117,2264.560059,1112.839966,1106.130005
2010/7/29,2279.070068,2251.689941,1108.069946,1101.530029
2010/7/30,2227.290039,2254.699951,1098.439941,1101.599976
2010/8/2,2283.320068,2295.360107,1107.530029,1125.859985
2010/8/3,2291.75,2283.52002,1125.339966,1120.459961
2010/8/4,2291.090088,2303.570068,1121.060059,1127.23999
2010/8/5,2291.219971,2293.060059,1125.780029,1125.810059
2010/8/6,2267.419922,2288.469971,1122.069946,1121.640015
2010/8/9,2298.810059,2305.689941,1122.800049,1127.790039
2010/8/10,2280.060059,2277.169922,1122.920044,1121.060059
2010/8/11,2236.929932,2208.629883,1116.890015,1089.469971
2010/8/12,2164.639893,2190.27002,1081.47998,1083.609985
2010/8/13,2183.090088,2173.47998,1082.219971,1079.25
2010/8/16,2161.310059,2181.870117,1077.48999,1079.380005
2010/8/17,2197.090088,2209.439941,1081.160034,1092.540039
2010/8/18,2205.300049,2215.699951,1092.079956,1094.160034
2010/8/19,2204.800049,2178.949951,1092.439941,1075.630005
2010/8/20,2172.26001,2179.76001,1075.630005,1071.689941
2010/8/23,2188.340088,2159.629883,1073.359985,1067.359985
2010/8/24,2131,2123.76001,1063.199951,1051.869995
2010/8/25,2109.149902,2141.540039,1048.97998,1055.329956
2010/8/26,2148.48999,2118.689941,1056.280029,1047.219971
2010/8/27,2134.159912,2153.629883,1049.27002,1064.589966
2010/8/30,2145.76001,2119.969971,1062.900024,1048.920044
2010/8/31,2109.76001,2114.030029,1046.880005,1049.329956
2010/9/1,2142.75,2176.840088,1049.719971,1080.290039
2010/9/2,2178.98999,2200.01001,1080.660034,1090.099976
2010/9/3,2227.959961,2233.75,1093.609985,1104.51001
2010/9/7,2227.26001,2208.889893,1102.599976,1091.839966
2010/9/8,2216.070068,2228.870117,1092.359985,1098.869995
2010/9/9,2251.090088,2236.199951,1101.150024,1104.180054
2010/9/10,2239.080078,2242.47998,1104.569946,1109.550049
2010/9/13,2263.800049,2285.709961,1113.380005,1121.900024
2010/9/14,2281.310059,2289.77002,1121.160034,1121.099976
2010/9/15,2283.169922,2301.320068,1119.430054,1125.069946
2010/9/16,2297.51001,2303.25,1123.890015,1124.660034
2010/9/17,2318.419922,2315.610107,1126.390015,1125.589966
2010/9/20,2322.800049,2355.830078,1126.569946,1142.709961
2010/9/21,2355.27002,2349.350098,1142.819946,1139.780029
2010/9/22,2339.909912,2334.550049,1139.48999,1134.280029
2010/9/23,2316.709961,2327.080078,1131.099976,1124.829956
2010/9/24,2356.26001,2381.219971,1131.689941,1148.670044
2010/9/27,2379.72998,2369.77002,1148.640015,1142.160034
2010/9/28,2373.129883,2379.590088,1142.310059,1147.699951
2010/9/29,2372.370117,2376.560059,1146.75,1144.72998
2010/9/30,2390.959961,2368.620117,1145.969971,1141.199951
2010/10/1,2386.820068,2370.75,1143.48999,1146.23999
2010/10/4,2362.25,2344.52002,1144.959961,1137.030029
2010/10/5,2368.52002,2399.830078,1140.680054,1160.75
2010/10/6,2395.159912,2380.659912,1159.810059,1159.969971
2010/10/7,2391.629883,2383.669922,1161.569946,1158.060059
2010/10/8,2384.76001,2401.909912,1158.359985,1165.150024
2010/10/11,2403.459961,2402.330078,1165.319946,1165.319946
2010/10/12,2397.699951,2417.919922,1164.280029,1169.77002
2010/10/13,2432.550049,2441.22998,1171.319946,1178.099976
2010/10/14,2441.209961,2435.379883,1177.819946,1173.810059
2010/10/15,2461.699951,2468.77002,1177.469971,1176.189941
2010/10/18,2470.120117,2480.659912,1176.829956,1184.709961
2010/10/19,2442.209961,2436.949951,1178.640015,1165.900024
2010/10/20,2443.199951,2457.389893,1166.73999,1178.170044
2010/10/21,2470.719971,2459.669922,1179.819946,1180.26001
2010/10/22,2461.600098,2479.389893,1180.52002,1183.079956
2010/10/25,2491.620117,2490.850098,1184.73999,1185.619995
2010/10/26,2476.51001,2497.290039,1184.880005,1185.640015
2010/10/27,2484.090088,2503.26001,1183.839966,1182.449951
2010/10/28,2516.159912,2507.370117,1184.469971,1183.780029
2010/10/29,2505.98999,2507.409912,1183.869995,1183.26001
2010/11/1,2520.449951,2504.840088,1185.709961,1184.380005
2010/11/2,2525.939941,2533.52002,1187.859985,1193.569946
2010/11/3,2532.830078,2540.27002,1193.790039,1197.959961
2010/11/4,2569.27002,2577.340088,1198.339966,1221.060059
2010/11/5,2577.629883,2578.97998,1221.199951,1225.849976
2010/11/8,2570.860107,2580.050049,1223.23999,1223.25
2010/11/9,2587.080078,2562.97998,1223.589966,1213.400024
2010/11/10,2564.310059,2578.780029,1213.140015,1218.709961
2010/11/11,2534.23999,2555.52002,1213.040039,1213.540039
2010/11/12,2540.469971,2518.209961,1209.069946,1199.209961
2010/11/15,2529.02002,2513.820068,1200.439941,1197.75
2010/11/16,2494.209961,2469.840088,1194.790039,1178.339966
2010/11/17,2471.27002,2476.01001,1178.329956,1178.589966
2010/11/18,2504.409912,2514.399902,1183.75,1196.689941
2010/11/19,2510.790039,2518.120117,1196.119995,1199.72998
2010/11/22,2509.389893,2532.02002,1198.069946,1197.839966
2010/11/23,2504.209961,2494.949951,1192.51001,1180.72998
2010/11/24,2519.889893,2543.120117,1183.699951,1198.349976
2010/11/26,2525.909912,2534.560059,1194.160034,1189.400024
2010/11/29,2522.23999,2525.219971,1189.079956,1187.76001
2010/11/30,2497.120117,2498.22998,1182.959961,1180.550049
2010/12/1,2535.189941,2549.429932,1186.599976,1206.069946
2010/12/2,2553.679932,2579.350098,1206.810059,1221.530029
2010/12/3,2569.02002,2591.459961,1219.930054,1224.709961
2010/12/6,2591.280029,2594.919922,1223.869995,1223.119995
2010/12/7,2623.149902,2598.48999,1227.25,1223.75
2010/12/8,2604.570068,2609.159912,1225.02002,1228.280029
2010/12/9,2623.149902,2616.669922,1230.140015,1233
2010/12/10,2623.280029,2637.540039,1233.849976,1240.400024
2010/12/13,2645.350098,2624.909912,1242.52002,1240.459961
2010/12/14,2631.340088,2627.719971,1241.839966,1241.589966
2010/12/15,2625.810059,2617.219971,1241.579956,1235.22998
2010/12/16,2620.560059,2637.310059,1236.339966,1242.869995
2010/12/17,2643.350098,2642.969971,1243.630005,1243.910034
2010/12/20,2651.97998,2649.560059,1245.76,1247.08
