Date,^BSVP,DJI,N225,SSEC
2006/1/26,36632,11097.54981,15696.69043,1209.421997
2006/1/27,37400,10993.41016,15360.65039,1215.667969
2006/1/30,null,11053.53027,15648.88965,1220.618042
2006/1/31,38014,11025.50977,15651,1211.052979
2006/2/1,37822,11021.58984,15891.01953,1226.703979
2006/2/2,38242,10958.58984,16460.67969,1221.458984
2006/2/3,38383,10980.69043,16551.23047,1202.869019
2006/2/6,38485,11005.74023,16649.82031,1208.437988
2006/2/7,37304,10972.28027,16480.08984,1233.349976
2006/2/8,37262,11076.33984,16710.55078,1251.57605
2006/2/9,37321,11076.01953,16659.64063,1255.307983
2006/2/10,36562,11151.33984,16747.75977,1255.774048
2006/2/13,36499,11209.76953,16720.99023,1252.062012
2006/2/14,36882,11253.24023,16272.67969,1258.046021
2006/2/15,36975,11279.65039,16439.66992,1287.625977
2006/2/16,36114,11274.53027,16257.83008,1282.095947
2006/2/17,36627,11235.46973,15877.66016,1290.055054
2006/2/20,37239,11317.42969,16184.87012,1269.453979
2006/2/21,38256,11270.29004,15932.83008,1282.656006
2006/2/22,38422,11279.96973,16043.66992,1279.640015
2006/2/23,38539,11250.11035,15713.4502,1286.327026
2006/2/24,38166,11154.54004,15437.92969,1299.166016
2006/2/27,38246,11215.7002,15894.94043,1270.633057
2006/2/28,38405,11150.7002,15781.78027,1267.407959
2006/3/1,38610,11109.32031,16096.09961,1267.541992
2006/3/2,null,11144.94043,16101.91016,1288.418945
2006/3/3,null,11203.84961,16192.9502,1284.225952
2006/3/6,39178,11239.54981,16205.42969,1288.847046
2006/3/7,39126,11216.5,15964.45996,1296.865967
2006/3/8,39240,11120.04004,15909.75977,1297.186035
2006/3/9,38354,11141.33008,15663.33984,1299.030029
2006/3/10,37423,11089.62988,15901.16016,1306.58606
2006/3/13,37289,11129.96973,15726.01953,1285.666016
2006/3/14,36312,11137.65039,15627.49023,1293.296997
2006/3/15,36891,11073.78027,16036.91016,1288.954956
2006/3/16,36793,11268.76953,16115.62988,1259.916016
2006/3/17,37541,11278.76953,16361.50977,1250.384033
2006/3/20,38244,11342.88965,16238.36035,1245.166016
2006/3/21,38157,11347.4502,16319.04004,1245.652954
2006/3/22,38049,11336.32031,16096.20996,1259.67395
2006/3/23,38204,11283.25,16339.73047,1259.043945
2006/3/24,37398,11354.49023,16624.80078,1274.812012
2006/3/27,37851,11382.50977,null,1274.189941
2006/3/28,37474,11367.13965,16495.48047,1269.462036
2006/3/29,37577,11343.29004,16489.36914,1288.417969
2006/3/30,37641,11416.4502,16560.86914,1290.39502
2006/3/31,36682,11400.28027,16650.09961,1296.706055
2006/4/3,37492,11438.86035,16690.24023,1302.457031
2006/4/4,37777,11577.74023,16938.41016,1294.703979
2006/4/5,37952,11584.54004,17045.33984,1295.915039
2006/4/6,38717,11639.76953,17059.66016,1298.791016
2006/4/7,38802,11642.65039,17333.31055,1305.567017
2006/4/10,39053,11500.73047,17292.91016,1294.718018
2006/4/11,39285,11380.99023,17243.98047,1298.295044
2006/4/12,38926,11428.76953,17489.33008,1319.470947
2006/4/13,38475,11419.88965,17563.36914,1329.797974
2006/4/14,37901,11205.61035,17456.58008,1340.161987
2006/4/17,38427,11128.29004,17418.13086,1339.737061
2006/4/18,38082,11144.05957,17162.55078,1342.964966
2006/4/19,null,11125.33008,17199.15039,1359.081055
2006/4/20,38462,11098.34961,17233.82031,1362.229004
2006/4/21,39572,11117.32031,17000.35938,1360.131958
2006/4/24,39938,11211.04981,17232.85938,1332.329956
2006/4/25,39775,11278.61035,17350.11914,1359.537964
2006/4/26,null,11094.42969,17317.5293,1378.614014
2006/4/27,39751,11168.30957,17403.96094,1385.114014
2006/4/28,39738,11260.28027,16914.40039,1396.702026
2006/5/1,40410,11247.87012,16970.28906,1385.900024
2006/5/2,39751,11048.71973,17055.92969,1416.792969
2006/5/3,40363,11002.13965,17114.53906,1409.786011
2006/5/4,null,10930.90039,16906.23047,1399.766968
2006/5/5,41017,10938.82031,16925.71094,1417.477051
2006/5/8,40920,10891.91992,17153.76953,1416.732056
2006/5/9,40976,10792.58008,null,1440.223022
2006/5/10,41417,10706.13965,null,1497.104004
2006/5/11,41515,10816.91992,null,1531.161011
2006/5/12,41979,11015.19043,17291.66992,1545.687012
2006/5/15,41752,11014.54981,17190.91016,1537.376953
2006/5/16,40847,10942.11035,16951.92969,1602.832031
2006/5/17,40223,10974.83984,16862.14063,1664.088013
2006/5/18,39271,11079.45996,16601.7793,1613.250977
2006/5/19,39416,11019.11035,16486.91016,1625.145996
2006/5/22,38291,10989.08984,16158.41992,1617.281006
2006/5/23,37807,11045.28027,16307.66992,1659.545044
2006/5/24,37733,10924.74023,16087.17969,1657.688965
2006/5/25,36497,10973.55957,16155.4502,1604.552002
2006/5/26,36110,11190.79981,15857.87012,1590.92395
2006/5/29,35792,11150.21973,15599.2002,1591.425049
2006/5/30,37569,11228.01953,15907.2002,1613.894043
2006/5/31,38506,11151.82031,15693.75,1648.537964
2006/6/1,38145,11225.29981,15970.75977,1657.287964
2006/6/2,36413,11090.66992,15915.67969,1641.300049
2006/6/5,36530,11103.54981,15859.4502,1684.194946
2006/6/6,37748,11134.76953,15467.33008,1669.399048
2006/6/7,37942,11013.17969,15503.74023,1684.624023
2006/6/8,36740,10846.29004,15789.30957,1679.125977
2006/6/9,36558,10739.34961,15668.30957,1589.545044
2006/6/12,35264,10747.36035,15384.86035,1591.48999
2006/6/13,35438,10799.23047,15096.00977,1551.384033
2006/6/14,35075,11011.41992,14633.03027,1552.797974
2006/6/15,33555,10928.09961,14750.83984,1548.494995
2006/6/16,32848,10868.37988,14833.00977,1531.327026
2006/6/19,32941,11051.04981,14218.59961,1533.97998
2006/6/20,null,11103.70996,14309.55957,1574.467041
2006/6/21,34399,11102.50977,14470.75977,1586.286011
2006/6/22,33897,11100.42969,14879.33984,1592.332031
2006/6/23,33632,11219.7002,14860.34961,1598.115967
2006/6/26,34547,11185.67969,14648.41016,1596.06604
2006/6/27,34317,11125.73047,14644.25977,1605.71106
2006/6/28,34661,11199.92969,15135.69043,1633.448975
2006/6/29,34631,11242.58984,15124.04004,1639.551025
2006/6/30,34376,11240.34961,15152.40039,1639.286011
2006/7/3,34835,11219.37988,15171.80957,1671.618042
2006/7/4,36487,11173.58984,14886.11035,1672.21106
2006/7/5,36631,11076.17969,15121.15039,1697.281982
2006/7/6,37357,11124.37012,15505.17969,1681.546997
2006/7/7,37367,11088.03027,15571.62012,1718.555054
2006/7/10,36378,11097.87012,15638.5,1741.469971
2006/7/11,36533,11230.25977,15523.94043,1730.189941
2006/7/12,36102,11327.12012,15321.40039,1734.328979
2006/7/13,36141,11334.95996,15307.61035,1745.80603
2006/7/14,36554,11381.46973,15552.80957,1740
2006/7/17,36230,11345.04981,15473.82031,1655.772949
2006/7/18,35354,11339.83984,15249.32031,1665.208008
2006/7/19,35350,11297.90039,15097.9502,1682.886963
2006/7/20,34866,11304.45996,14845.24023,1684.251953
2006/7/21,35130,11284.04981,null,1645.160034
2006/7/24,36785,11352.00977,14437.24023,1655.121948
2006/7/25,35847,11369.94043,14500.25977,1665.328003
2006/7/26,35510,11382.91016,14946.83984,1665.94397
2006/7/27,36224,11381.15039,14821.25977,1685.46106
2006/7/28,36681,11464.15039,14794.5,1686.654053
2006/7/31,36594,11469.28027,15005.24023,1675.167969
2006/8/1,36888,11406.2002,14884.07031,1662.031006
2006/8/2,37381,11331.44043,15179.78027,1612.733032
2006/8/3,37077,11392.11035,15342.87012,1600.614014
2006/8/4,36839,11396.83984,15456.80957,1600.871948
2006/8/7,37288,11498.08984,15440.91016,1601.057983
2006/8/8,37451,11543.32031,15464.29004,1570.150024
2006/8/9,37848,11527.38965,15470.37012,1547.436035
2006/8/10,37698,11560.76953,15499.17969,1580.577026
2006/8/11,37600,11555,15154.05957,1578.56604
2006/8/14,37255,11540.91016,15464.66016,1606.064941
2006/8/15,37354,11613.19043,15656.58984,1605.926025
2006/8/16,36944,11533.23047,15630.91016,1570.738037
2006/8/17,36557,11508.09961,15565.01953,1595.656982
2006/8/18,37296,11575.80957,15857.11035,1616.410034
2006/8/21,37678,11669.38965,15816.19043,1603.332031
2006/8/22,37559,11689.24023,16071.36035,1598.017944
2006/8/23,37552,11718.4502,16020.83984,1601.150024
2006/8/24,37161,11679.07031,16105.98047,1613.35498
2006/8/25,36678,11670.34961,15969.04004,1612.395996
2006/8/28,35512,11727.33984,16181.16992,1623.016968
2006/8/29,35797,11850.61035,16163.03027,1623.034058
2006/8/30,35958,11866.69043,15960.62012,1650.437988
2006/8/31,36375,11850.20996,15938.66016,1651.024048
2006/9/1,36304,11857.80957,15762.58984,1655.194946
2006/9/4,36313,11867.16992,15890.55957,1658.637939
2006/9/5,36232,11852.12988,15872.01953,1636.69104
2006/9/6,37329,11947.7002,16140.75977,1657.52002
2006/9/7,37693,11960.50977,16134.25,1664.078003
2006/9/8,37368,11980.59961,16358.07031,1672.120972
2006/9/11,36710,11950.01953,16385.96094,1661.189941
2006/9/12,null,11992.67969,16284.08984,1667.984009
2006/9/13,36558,12011.73047,16012.41016,1674.965942
2006/9/14,35772,12002.37012,16080.45996,1695.862061
2006/9/15,36147,12116.91016,15794.37988,1689.389038
2006/9/18,36550,12127.87988,15719.33984,1689.692017
2006/9/19,36154,12134.67969,15750.04981,1721.045044
2006/9/20,36170,12163.66016,15942.38965,1732.987061
2006/9/21,36483,12090.25977,15866.92969,1735.240967
2006/9/22,35886,12086.5,null,1732.453003
2006/9/25,35197,12080.73047,15874.28027,1740.901001
2006/9/26,34830,12031.01953,15718.66992,1725.360962
2006/9/27,34799,12018.54004,15834.23047,1722.365967
2006/9/28,34973,11986.04004,15634.66992,1712.636963
2006/9/29,35819,12105.54981,15633.80957,1725.03894
2006/10/2,36106,12156.76953,15557.4502,1736.963013
2006/10/3,36486,12176.54004,15947.87012,1752.42395
2006/10/4,36449,12103.29981,16024.84961,1785.38501
2006/10/5,37058,12108.42969,16127.58008,1784.862061
2006/10/6,36438,12131.87988,16254.29004,1790.104004
2006/10/9,37749,12218.00977,16242.08984,1778.18103
2006/10/10,37977,12251.70996,16082.54981,1784.656006
2006/10/11,37940,12305.82031,16449.33008,1771.29895
2006/10/12,38406,12342.55957,16436.06055,1763.901001
2006/10/13,38655,12316.54004,null,1787.185059
2006/10/16,38322,12321.58984,16477.25,1792.253052
2006/10/17,null,12326.9502,16400.57031,1790.364014
2006/10/18,38850,12280.16992,16368.80957,1759.394043
2006/10/19,39229,12121.70996,16536.53906,1805.18103
2006/10/20,38898,12136.4502,16692.75977,1806.645996
2006/10/23,38686,12226.73047,16611.58984,1810.645996
2006/10/24,38920,12221.92969,16653,1807.175049
2006/10/25,38643,12194.12988,16551.35938,1809.656006
2006/10/26,39227,12283.84961,16651.63086,1837.993042
2006/10/27,39499,12331.59961,16788.82031,1855.713013
2006/10/30,39563,12309.25,16780.4707,1851.313965
2006/10/31,39645,12278.41016,16699.30078,1866.362061
2006/11/1,39328,12307.49023,16811.59961,1886.307007
2006/11/2,38900,12328.48047,16669.07031,1889.530029
2006/11/3,39263,12315.58008,16351.84961,1866.817017
2006/11/6,39930,12317.5,16399.39063,1896.482056
2006/11/7,null,12416.75977,16375.25977,1883.347046
2006/11/8,40435,12445.51953,16350.01953,1863.765015
2006/11/9,41247,12441.26953,null,1888.239014
2006/11/10,41048,12471.32031,16364.75977,1922.935059
2006/11/13,41334,12463.87012,16393.41016,1941.546997
2006/11/14,40815,12421.25,16215.74023,1971.792969
2006/11/15,40720,12343.21973,16198.57031,2017.279053
2006/11/16,40606,12407.62988,16112.42969,2037.552002
2006/11/17,41291,12510.57031,16022.49023,2041.35498
2006/11/20,null,12501.51953,16289.54981,2062.362061
2006/11/21,41162,12463.15039,16243.46973,2050.812012
2006/11/22,41029,12474.51953,16163.87012,2047.276978
2006/11/23,null,12480.69043,16091.73047,2038.720947
2006/11/24,41570,12398.00977,15725.94043,2054.091064
2006/11/27,41913,12423.49023,15734.13965,2099.289063
2006/11/28,42070,12416.59961,15914.23047,2102.049072
2006/11/29,41758,12442.16016,null,2161.647949
2006/11/30,40915,12514.98047,15734.59961,2173.284912
2006/12/1,41043,12556.08008,15885.37988,2156.604004
2006/12/4,41970,12582.58984,15855.25977,2156.75
2006/12/5,41932,12577.15039,16076.2002,2093.637939
2006/12/6,41327,12567.92969,16274.33008,2180.496094
2006/12/7,42654,12565.53027,16321.78027,2218.950928
2006/12/8,43157,12477.16016,16303.58984,2223.455078
2006/12/11,43096,12533.79981,16265.75977,2249.110107
2006/12/12,42909,12621.76953,16371.28027,2273.907959
2006/12/13,42978,12502.55957,16473.35938,2332.434082
2006/12/14,43297,12487.01953,16417.82031,2364.177002
2006/12/15,43018,12490.78027,16527.99023,2373.205078
2006/12/18,43285,12523.30957,16637.7793,2342.937988
2006/12/19,43755,12621.69043,16692.92969,2343.667969
2006/12/20,43596,12673.67969,16829.19922,2435.761963
2006/12/21,43509,12653.49023,16914.31055,2479.731934
2006/12/22,43590,12661.74023,16962.10938,2536.386963
2006/12/26,43502,12666.30957,16776.88086,2567.593994
2006/12/27,43385,12666.87012,17011.03906,2675.474121
2006/12/28,43356,12637.62988,17047.83008,2715.718994
2007/1/2,43603,12580.83008,17104.96094,2641.333984
2007/1/3,44526,12552.54981,17092.89063,2707.198975
2007/1/4,44474,12654.84961,17169.18945,2807.803955
2007/1/5,45383,12741.86035,17223.15039,2825.575928
2007/1/8,44445,12765.00977,17224.81055,2770.110107
2007/1/9,44020,12767.57031,17225.83008,2668.110107
2007/1/10,42245,12786.63965,17353.66992,2794.700928
2007/1/11,42830,12738.41016,17091.58984,2821.01709
2007/1/12,42007,12686.01953,17237.76953,2778.899902
2007/1/15,42336,12647.48047,16942.40039,2756.98291
2007/1/16,42670,12632.25977,16838.16992,2832.207031
2007/1/17,43095,12216.24023,17057.00977,2933.189941
2007/1/18,42919,12268.62988,17209.91992,2949.144043
2007/1/19,42624,12234.33984,17202.46094,2975.128906
2007/1/22,42735,12114.09961,17261.34961,2857.36499
2007/1/23,42478,12050.41016,17370.92969,2882.558105
2007/1/24,43428,12207.58984,17310.43945,2945.262939
2007/1/26,43553,12192.4502,17424.17969,2930.562012
2007/1/29,44177,12260.7002,17408.57031,2786.334961
2007/1/30,44687,12276.32031,17507.40039,2785.431885
2007/1/31,44412,12318.62012,17458.30078,2673.211914
2007/2/1,43573,12075.95996,17421.92969,2612.537109
2007/2/2,44044,12133.40039,17470.46094,2675.697021
2007/2/5,44642,12159.67969,17490.18945,2716.175049
2007/2/6,44815,12110.41016,17383.41992,2737.731934
2007/2/7,44998,12226.16992,17519.5,2730.385986
2007/2/8,45286,12288.09961,17547.10938,2807.174072
2007/2/9,45352,12447.51953,17344.80078,2831.87207
2007/2/12,44588,12461.13965,17406.85938,2905.093018
2007/2/13,44892,12481.00977,17292.32031,2993.008057
2007/2/14,44284,12469.07031,17292.48047,2998.474121
2007/2/15,43935,12397.29004,17504.33008,3040.599121
2007/2/16,45197,12300.36035,17621.44922,2771.791016
2007/2/21,45996,12348.75,17752.64063,2881.072998
2007/2/22,45955,12354.34961,17897.23047,2797.189941
2007/2/23,45849,12382.29981,17875.65039,2831.525879
2007/2/26,46090,12510.29981,17940.08984,2785.305908
2007/2/27,46452,12530.04981,17939.11914,2840.175049
2007/2/28,46016,12560.2002,17913.21094,2896.593994
2007/3/1,46207,12569.13965,18108.78906,2928.014893
2007/3/2,43145,12573.84961,18188.41992,2937.909912
2007/3/5,43892,12484.62012,18215.34961,2954.914063
2007/3/6,43517,12552.95996,18119.91992,2964.793945
2007/3/7,42370,12612.12988,17604.11914,2906.333984
2007/3/8,41179,12720.45996,17453.50977,2951.697998
2007/3/9,43218,12773.04004,17217.92969,2930.480957
2007/3/12,42667,12803.83984,16642.25,3014.441895
2007/3/13,43466,12808.62988,16844.5,3032.195068
2007/3/14,44133,12961.98047,16764.61914,3057.379883
2007/3/15,44249,12919.40039,17090.31055,3071.225098
2007/3/16,42749,12953.94043,17164.03906,3074.285889
2007/3/19,43288,13089.88965,17292.39063,3122.811035
2007/3/20,43278,13105.5,17178.83984,3138.825928
2007/3/21,42730,13120.94043,16676.89063,3173.018066
2007/3/22,43713,13062.91016,16860.39063,3197.537109
2007/3/23,44351,13136.13965,16744.15039,3183.98291
2007/3/26,45631,13211.87988,17009.55078,3252.594971
2007/3/27,45424,13241.37988,17163.19922,3291.299072
2007/3/28,45533,13264.62012,17419.19922,3291.541992
2007/3/29,45645,13312.96973,17480.60938,3319.139893
2007/3/30,45207,13309.07031,17521.96094,3323.584961
2007/4/2,44484,13362.87012,17365.05078,3398.949951
2007/4/3,45355,13215.12988,17254.73047,3444.291016
2007/4/4,45805,13326.21973,17263.93945,3495.224121
2007/4/5,45597,13346.78027,17287.65039,3531.029053
2007/4/9,46288,13383.83984,17028.41016,3518.26709
2007/4/10,46554,13487.53027,17244.05078,3596.440918
2007/4/11,46647,13476.71973,17544.08984,3611.870117
2007/4/12,46855,13556.53027,17491.41992,3612.395996
2007/4/13,47174,13542.87988,17484.7793,3449.016113
2007/4/16,46939,13539.9502,17743.75977,3584.204102
2007/4/17,47347,13525.65039,17664.68945,3710.885986
2007/4/18,47926,13441.12988,17670.07031,3720.531982
2007/4/19,48921,13507.28027,17540.41992,3743.958984
2007/4/20,48755,13521.33984,17363.94922,3783.062988
2007/4/23,48710,13633.08008,17628.30078,3759.866943
2007/4/24,48762,13627.63965,17527.44922,3841.271973
2007/4/25,49408,13668.11035,17667.33008,null
2007/4/26,49162,13676.32031,17371.9707,null
2007/4/27,49071,13595.45996,17452.61914,3950.010986
2007/4/30,49676,13465.66992,17455.36914,4013.084961
2007/5/2,49068,13266.73047,17451.76953,4049.700928
2007/5/3,49230,13424.38965,17236.16016,4021.677979
2007/5/4,48956,13424.95996,17429.16992,4046.39209
2007/5/7,49472,13295.00977,17400.41016,3899.177979
2007/5/8,50218,13482.34961,17274.98047,3986.042969
2007/5/9,50598,13553.73047,17394.91992,4048.292969
2007/5/10,50282,13639.48047,17669.83008,4030.258057
2007/5/11,50278,13612.98047,17656.83984,4072.225098
2007/5/14,51300,13635.41992,17748.11914,4110.378906
2007/5/15,50235,13489.41992,17736.96094,4173.708984
2007/5/16,50902,13545.83984,17553.7207,4151.132813
2007/5/17,50511,13360.25977,17677.93945,4179.775879
2007/5/18,50518,13352.04981,17512.98047,4272.11084
2007/5/21,51738,13337.66016,17529,4334.923828
2007/5/22,51631,13427.73047,17498.59961,4053.087891
2007/5/23,52078,13422.28027,17399.58008,4109.653809
2007/5/24,52423,13408.62012,17556.86914,4000.741943
2007/5/25,52208,13535.42969,17680.05078,3670.400879
2007/5/28,51813,13577.29981,17705.11914,3767.101074
2007/5/29,50531,13565.83984,17696.9707,3776.316895
2007/5/30,51618,13611.67969,17481.21094,3890.802979
2007/5/31,52120,13649.96973,17587.58984,3913.13501
2007/6/1,51713,13501.7002,17672.56055,3995.679932
2007/6/4,52528,13577.87012,17588.25977,4072.137939
2007/6/5,52268,13861.73047,17875.75,4176.479004
2007/6/6,53423,13907.25,17958.88086,4115.208984
2007/6/8,53243,13950.98047,17973.41992,4132.868164
2007/6/11,53162,13971.54981,18053.81055,4253.348145
2007/6/12,52049,13918.21973,18040.92969,4269.523926
2007/6/13,52330,14000.41016,18053.38086,4181.323242
2007/6/14,52777,13851.08008,17779.08984,4230.823242
2007/6/15,51797,13943.41992,17834.48047,4091.445068
2007/6/18,52994,13716.9502,17760.91016,3941.081055
2007/6/19,53713,13785.07031,17732.76953,3973.371094
2007/6/20,54519,13473.57031,17842.28906,4078.599121
2007/6/21,54730,13265.46973,17971.49023,3914.204102
2007/6/22,54644,13358.30957,18149.51953,3820.702881
2007/6/25,54029,13211.99023,18163.60938,3836.293945
2007/6/26,54657,13362.37012,18211.67969,3899.724121
2007/6/27,54267,13463.33008,18240.30078,3816.165039
2007/6/28,54042,13181.91016,18188.63086,3615.87207
2007/6/29,53852,13468.78027,18087.48047,3781.3479
2007/7/2,54143,13504.29981,18066.10938,3883.216064
2007/7/3,54147,13657.86035,17849.2793,3853.020996
2007/7/4,54392,13270.67969,17932.26953,3865.7229
2007/7/5,55371,13239.54004,18138.35938,3915.990967
2007/7/6,55700,13236.53027,18146.30078,3914.39502
2007/7/10,55696,13028.91992,18149.90039,3821.916016
2007/7/11,55932,12861.46973,18168.7207,3896.190918
2007/7/12,56444,12845.78027,18221.48047,3930.060059
2007/7/13,55883,13079.08008,18140.93945,3912.940918
2007/7/16,56356,13121.34961,18261.98047,4058.853027
2007/7/17,57613,13090.86035,18252.66992,4213.36084
2007/7/18,57644,13236.12988,18049.50977,4210.329102
2007/7/19,57374,13235.87988,17984.14063,4323.96582
2007/7/20,57660,13378.87012,18238.94922,4346.458008
2007/7/23,57556,13322.12988,18217.26953,4345.356934
2007/7/24,58125,13041.84961,18015.58008,4440.769043
2007/7/25,57443,13289.29004,18116.57031,4471.032227
2007/7/26,58037,13238.73047,18157.92969,4300.562988
2007/7/27,55795,13357.74023,17963.64063,4407.72998
2007/7/30,56001,13448.86035,18002.0293,4560.773926
2007/7/31,53893,13305.46973,17858.41992,4628.10791
2007/8/1,52922,13363.34961,17702.08984,4651.225098
2007/8/2,54573,13113.37988,17283.81055,4663.162109
2007/8/3,54183,13127.84961,17289.30078,4754.095215
2007/8/6,54234,13308.38965,17248.89063,4749.369141
2007/8/7,54691,13291.65039,16870.98047,4820.063965
2007/8/8,52846,13424.87988,16984.10938,4872.785156
2007/8/9,53091,13442.51953,16979.85938,4869.882813
2007/8/10,53802,13403.41992,16914.46094,4765.448242
2007/8/13,55241,13739.38965,16921.76953,4656.574219
2007/8/14,53431,13815.55957,17029.2793,4904.85498
2007/8/15,52638,13766.7002,17170.59961,4955.207031
2007/8/16,52434,13820.19043,16764.08984,4980.075195
2007/8/17,50912,13759.05957,16800.05078,5032.494141
2007/8/20,49285,13778.65039,16844.60938,5107.667969
2007/8/21,48016,13878.15039,16475.60938,5150.118164
2007/8/22,48559,13912.94043,16148.49023,5194.688965
2007/8/23,49206,13895.62988,15273.67969,5109.426758
2007/8/24,49815,14087.54981,15732.48047,5167.883789
2007/8/27,51745,14047.30957,15901.33984,5218.825195
2007/8/28,51848,13968.04981,15900.63965,5321.055176
2007/8/29,52998,13974.30957,16316.32031,5294.044922
2007/8/30,53078,14066.00977,16248.96973,5310.71582
2007/8/31,51645,14043.73047,16301.38965,5393.660156
2007/9/3,52735,14164.53027,16287.49023,5277.175781
2007/9/4,52858,14078.69043,16012.83008,5355.287109
2007/9/5,54637,14015.12012,16153.82031,5113.967773
2007/9/6,54833,14093.08008,16569.08984,5172.626953
2007/9/10,55250,13984.79981,16524.92969,5273.591797
2007/9/11,54408,13912.94043,16420.4707,5312.182129
2007/9/12,54569,13892.54004,16158.4502,5421.39209
2007/9/13,52653,13888.95996,16257,5425.208008
2007/9/14,53921,13522.01953,16122.16016,5395.265137
2007/9/17,53883,13566.96973,15764.96973,5470.064941
2007/9/18,54908,13676.23047,15877.66992,5454.673828
2007/9/19,54671,13675.25,15797.59961,5485.013184
2007/9/20,54341,13671.91992,15821.19043,5425.879883
2007/9/21,56666,13806.7002,16127.41992,5338.52002
2007/9/24,57264,13870.25977,15801.79981,5409.402832
2007/9/25,56906,13792.46973,16381.54004,5552.300781
2007/9/26,57799,13930.00977,16413.78906,5692.754883
2007/9/27,58719,13567.87012,16312.61035,5715.89209
2007/9/28,58858,13595.09961,16401.73047,5771.463867
2007/10/1,59715,13543.40039,16435.74023,5913.22998
2007/10/2,61052,13660.94043,16832.2207,5903.26416
2007/10/3,60465,13300.01953,16785.68945,6030.085938
2007/10/4,62340,13266.29004,16845.96094,6092.057129
2007/10/5,62017,13042.74023,17046.7793,6036.280762
2007/10/8,60099,12987.54981,17199.89063,5825.282227
2007/10/9,60407,13307.08984,17092.49023,5818.046875
2007/10/10,62319,13231.00977,17065.03906,5667.332031
2007/10/11,62661,13110.04981,17159.90039,5773.387207
2007/10/15,63549,13176.79004,17177.89063,5843.108887
2007/10/16,63197,12958.44043,17458.98047,5562.394043
2007/10/17,62456,13010.13965,17331.16992,5589.630859
2007/10/18,62969,12799.04004,17358.15039,5747.99707
2007/10/19,61718,12980.87988,17137.91992,5897.192871
2007/10/22,63194,12743.44043,16955.31055,5954.765137
2007/10/23,63261,12958.44043,17106.08984,5914.285156
2007/10/24,60894,13289.4502,16814.36914,5777.809082
2007/10/25,61215,13311.73047,16438.4707,5634.452148
2007/10/26,62697,13371.71973,16450.58008,5536.568848
2007/10/29,62625,13314.57031,16358.38965,5601.783203
2007/10/30,62341,13248.73047,16284.16992,5330.022949
2007/10/31,64276,13444.95996,16505.63086,5315.540039
2007/11/1,65044,13619.88965,16698.08008,5187.734863
2007/11/5,64383,13625.58008,16651.00977,5158.118164
2007/11/6,65318,13727.03027,16737.63086,5412.693848
2007/11/7,64050,13432.76953,16870.40039,5365.26709
2007/11/8,62960,13473.90039,16517.48047,5316.273926
2007/11/9,64503,13517.95996,16268.91992,5269.816895
2007/11/12,63501,13339.84961,16249.62988,5293.703125
2007/11/13,63562,13167.2002,16096.67969,5214.225098
2007/11/14,64321,13232.46973,15771.57031,4984.161133
2007/11/16,61527,13207.26953,15583.41992,5032.129883
2007/11/19,62927,13245.63965,15197.08984,4958.849121
2007/11/21,64631,13450.65039,15126.62988,4861.11084
2007/11/22,64609,13550.04004,15499.55957,4803.394043
2007/11/23,62336,13551.69043,15396.29981,5003.333008
2007/11/26,60582,13359.61035,15154.61035,4871.777832
2007/11/27,60653,13365.87012,15042.55957,4868.61084
2007/11/28,60971,13264.82031,15211.51953,4915.88916
2007/11/29,59069,13043.95996,14837.66016,5042.653809
2007/11/30,59432,13056.71973,14888.76953,5035.073242
2007/12/3,61715,12800.17969,15135.20996,5091.755859
2007/12/4,62156,12827.49023,15222.84961,5161.918945
2007/12/5,63006,12589.07031,15153.78027,5175.076172
2007/12/6,63200,12735.30957,15513.74023,5095.542969
2007/12/7,63482,12853.08984,15680.66992,4958.042969
2007/12/10,64928,12606.29981,15628.96973,5007.911133
2007/12/11,65791,12778.15039,15480.19043,4876.76123
2007/12/12,65639,12501.11035,15608.87988,4836.173828
2007/12/13,65446,12466.16016,15874.08008,4941.78418
2007/12/14,64512,12159.20996,15956.37012,5043.535156
2007/12/17,64742,12099.29981,15924.38965,5101.778809
2007/12/18,62861,11971.19043,16044.71973,5234.262207
2007/12/19,62445,12270.16992,15932.25977,5201.181152
2007/12/20,59828,12378.61035,15536.51953,5233.351074
2007/12/21,61096,12207.16992,15514.50977,5308.88916
2007/12/26,61722,12383.88965,15249.79004,5261.562988
2007/12/27,61716,12480.29981,15207.86035,5272.813965
2007/12/28,63098,12442.83008,15030.50977,5319.86084
2008/1/2,64288,12650.36035,15031.59961,5361.574219
2008/1/3,63774,12743.19043,15257,5393.342773
2008/1/4,63886,12635.16016,15552.58984,5386.530762
2008/1/7,62815,12265.12988,15653.54004,5435.807129
2008/1/8,62892,12200.09961,15564.69043,5456.541016
2008/1/9,61037,12247,15307.78027,5484.676758
2008/1/10,60772,12182.12988,14691.41016,5497.900879
2008/1/11,62081,12240.00977,14500.54981,5443.791016
2008/1/14,62674,12373.41016,14528.66992,5290.605957
2008/1/15,63515,12552.24023,14599.16016,5151.625977
2008/1/16,61942,12376.98047,14388.11035,5180.51416
2008/1/17,62188,12348.20996,14110.79004,4914.435059
2008/1/18,59907,12337.21973,13972.62988,4559.750977
2008/1/21,58777,12427.25977,13504.50977,4703.046875
2008/1/22,57037,12284.29981,13783.4502,4717.733887
2008/1/23,57506,12381.01953,13861.29004,4761.687988
2008/1/24,53709,12570.21973,13325.94043,4419.293945
2008/1/28,56097,12684.91992,12573.04981,4457.943848
2008/1/29,54235,12694.28027,12829.05957,4417.849121
2008/1/30,57463,12582.17969,13092.78027,4383.393066
2008/1/31,58594,12266.38965,13629.16016,4320.76709
2008/2/1,59530,12258.90039,13087.91016,4672.169922
2008/2/6,60289,12213.79981,13478.86035,4599.695801
2008/2/7,59490,12254.99023,13345.03027,4490.721191
2008/2/8,61080,12040.38965,13592.46973,4552.315918
2008/2/11,58969,11893.69043,13497.16016,4497.126953
2008/2/12,58965,11740.15039,13859.7002,4568.150879
2008/2/13,59076,12156.80957,13745.5,4664.294922
2008/2/14,60643,12110.24023,13099.24023,4567.025879
2008/2/15,61805,12145.74023,13207.15039,4527.176758
2008/2/18,62591,11951.08984,13017.24023,4370.285156
2008/2/19,61819,11972.25,13021.95996,4192.533203
2008/2/20,61272,12392.66016,13068.29981,4238.179199
2008/2/21,62801,12099.66016,13626.4502,4334.046875
2008/2/22,62297,12361.32031,13622.55957,4299.513184
2008/2/25,63747,12548.63965,13635.40039,4348.542969
2008/2/26,63792,12532.59961,13757.91016,4438.265137
2008/2/27,64609,12422.86035,13310.37012,4335.445801
2008/2/28,65001,12302.45996,13688.28027,4292.653809
2008/2/29,65183,12216.40039,13500.45996,4360.98584
2008/3/3,65495,12262.88965,13914.57031,4300.515137
2008/3/4,65555,12654.36035,13824.71973,4146.298828
2008/3/5,63489,12608.91992,14031.29981,4165.87793
2008/3/6,64490,12626.03027,13925.50977,4070.115967
2008/3/7,63656,12609.41992,13603.01953,3971.25708
2008/3/10,64629,12612.42969,12992.17969,3962.673096
2008/3/11,62975,12576.44043,12992.28027,3820.048096
2008/3/12,61868,12527.25977,12972.05957,3668.896973
2008/3/13,59999,12581.98047,13215.41992,3761.60498
2008/3/14,62368,12325.41992,12782.79981,3804.053955
2008/3/17,62177,12302.05957,12532.12988,3796.575928
2008/3/18,62280,12362.46973,12658.28027,3626.187988
2008/3/19,61991,12619.26953,12861.12988,3629.618896
2008/3/20,60012,12620.49023,12433.44043,3606.856934
2008/3/24,61933,12849.36035,12241.59961,3411.49292
2008/3/25,58827,12825.01953,11787.50977,3580.145996
2008/3/26,58987,12720.23047,11964.16016,3472.712891
2008/3/27,59813,12763.21973,12260.44043,3329.162109
2008/3/28,61234,12848.9502,12482.57031,3347.88208
2008/3/31,61415,12891.86035,12480.08984,3446.243896
2008/4/1,60762,12871.75,12745.21973,3599.61792
2008/4/2,60452,12831.94043,12706.62988,3612.539063
2008/4/3,60968,12820.12988,12604.58008,3413.906982
2008/4/4,62775,13010,12820.46973,3471.74292
2008/4/7,63364,13058.2002,12525.54004,3492.893066
2008/4/8,64175,12969.54004,12656.41992,3296.672119
2008/4/9,64446,13020.83008,13189.36035,3348.353027
2008/4/10,64176,12814.34961,13389.90039,3291.599121
2008/4/11,64540,12866.78027,13293.21973,3222.740967
2008/4/14,63477,12745.87988,13450.23047,3094.667969
2008/4/15,63527,12876.30957,13250.42969,3116.977051
2008/4/16,62585,12832.17969,13111.88965,3147.792969
2008/4/17,62153,12898.37988,12945.29981,3278.330078
2008/4/18,62618,12992.66016,13323.73047,3583.028076
2008/4/22,64152,12986.79981,12917.50977,3557.749023
2008/4/23,64552,13028.16016,12990.58008,3474.721924
2008/4/24,64923,12828.67969,13146.12988,3523.405029
2008/4/25,65413,12601.19043,13398.29981,3693.105957
2008/4/28,64948,12625.62012,13476.4502,3761.009033
2008/4/29,64576,12479.62988,13696.54981,3733.50293
2008/4/30,65187,12548.34961,13547.82031,3579.146973
2008/5/2,65678,12594.03027,13579.16016,3656.839111
2008/5/5,63826,12646.21973,13540.87012,3613.493896
2008/5/6,67868,12638.32031,13863.46973,3626.981934
2008/5/7,69366,12503.82031,13894.37012,3560.24292
2008/5/8,70175,12402.84961,13849.99023,3657.431885
2008/5/9,70195,12390.48047,13766.86035,3637.323975
2008/5/12,69018,12604.4502,14049.25977,3624.23291
2008/5/13,69722,12209.80957,14102.48047,3604.760986
2008/5/14,69646,12280.32031,13943.25977,3443.162109
2008/5/15,70416,12289.75977,13655.33984,3544.186035
2008/5/16,70503,12083.76953,13743.36035,3485.629883
2008/5/19,70027,12141.58008,13953.73047,3473.091064
2008/5/20,71492,12307.34961,14118.54981,3364.543945
2008/5/21,72767,12269.08008,14251.74023,3375.406982
2008/5/23,73439,12160.29981,14219.48047,3459.025879
2008/5/26,73517,12029.05957,14269.61035,3401.437012
2008/5/27,72295,12063.08984,14160.08984,3433.354004
2008/5/28,71452,11842.69043,13926.29981,3459.043945
2008/5/29,71629,11842.36035,13978.45996,3436.397949
2008/5/30,70992,11807.42969,14012.2002,3369.913086
2008/6/2,73153,11811.83008,13690.19043,3351.64502
2008/6/3,71798,11453.41992,13893.30957,3329.669922
2008/6/4,72593,11346.50977,13709.44043,3072.333008
2008/6/5,71897,11350.00977,14124.46973,3024.23999
2008/6/6,70012,11382.25977,14338.54004,2957.531982
2008/6/9,68673,11215.50977,14440.13965,2868.800049
2008/6/10,71235,11288.54004,14209.16992,2874.103027
2008/6/11,69786,11231.95996,14435.57031,2794.750977
2008/6/12,69281,11384.20996,14341.12012,2941.11499
2008/6/13,67775,11147.44043,14489.44043,2748.874023
2008/6/16,66795,11229.01953,14181.37988,2831.736084
2008/6/17,67322,11100.54004,14021.16992,2760.416992
2008/6/18,67204,11055.19043,14183.48047,2803.019043
2008/6/19,67285,10962.54004,13888.59961,2905.013916
2008/6/20,68438,11239.28027,13973.73047,2901.850098
2008/6/23,67090,11446.66016,14354.37012,2748.431885
2008/6/24,66590,11496.57031,14348.37012,2736.103027
2008/6/25,64614,11467.33984,14452.82031,2651.60498
2008/6/26,64640,11602.5,14130.16992,2651.725098
2008/6/27,64168,11632.37988,13942.08008,2703.529053
2008/6/30,65853,11349.28027,13857.46973,2669.89209
2008/7/1,63947,11370.69043,13849.55957,2792.396973
2008/7/2,64321,11131.08008,13829.91992,2814.947021
2008/7/3,65018,11397.55957,13822.32031,2920.545898
2008/7/4,63396,11583.69043,13544.36035,2875.449951
2008/7/7,61106,11378.01953,13481.37988,2856.634033
2008/7/8,59273,11326.32031,13463.2002,2878.256104
2008/7/10,59365,11284.15039,13286.37012,2779.447998
2008/7/11,59088,11615.76953,13265.40039,2705.866943
2008/7/14,59536,11656.07031,13237.88965,2684.778076
2008/7/15,60253,11431.42969,13360.04004,2778.366943
2008/7/16,60148,11734.32031,13033.09961,2861.417969
2008/7/17,60721,11782.34961,13052.12988,2846.116943
2008/7/18,61015,11642.46973,13067.20996,2837.849121
2008/7/21,62056,11532.95996,13039.69043,2910.291992
2008/7/22,60109,11615.92969,13010.16016,2865.101074
2008/7/23,59988,11659.90039,12754.55957,2903.011963
2008/7/24,60772,11479.38965,12760.79981,2850.311035
2008/7/25,59647,11348.54981,12887.9502,2836.667969
2008/7/28,59421,11417.42969,12803.7002,2775.717041
2008/7/29,57434,11430.20996,13184.95996,2801.816895
2008/7/30,57199,11628.05957,13312.92969,2741.73999
2008/7/31,56869,11386.25,13603.30957,2690.746094
2008/8/1,58043,11412.87012,13334.75977,2719.36792
2008/8/4,59998,11502.50977,13353.78027,2727.576904
2008/8/5,59505,11715.17969,13159.4502,2605.718994
2008/8/6,57630,11543.95996,13367.79004,2470.073975
2008/8/7,55609,11516.91992,13376.80957,2457.197998
2008/8/8,56471,11532.87988,13094.58984,2446.297119
2008/8/11,57542,11188.23047,12933.17969,2437.082031
2008/8/12,57018,11220.95996,12914.66016,2450.610107
2008/8/13,56584,11510.74023,13254.88965,2319.86792
2008/8/14,54720,11230.73047,13124.99023,2344.468994
2008/8/15,54503,11268.91992,13168.41016,2523.281982
2008/8/18,54573,11433.70996,13430.91016,2431.716064
2008/8/19,55138,11421.99023,13303.59961,2405.226074
2008/8/20,54244,10917.50977,13023.04981,2413.374023
2008/8/21,53327,11059.01953,12956.79981,2350.083984
2008/8/22,53639,10609.66016,13019.41016,2342.146973
2008/8/25,55377,11019.69043,13165.4502,2350.143066
2008/8/26,55935,11388.44043,12865.04981,2397.368896
2008/8/27,55850,11015.69043,12851.69043,2325.13501
2008/8/28,54477,10854.16992,12752.20996,2304.891113
2008/8/29,54359,10825.16992,12666.04004,2276.672119
2008/9/1,55519,11022.05957,12878.66016,2277.410889
2008/9/2,56382,11143.12988,12778.70996,2202.446045
2008/9/3,55680,10365.4502,12752.95996,2143.420898
2008/9/4,55162,10850.66016,12768.25,2145.779053
2008/9/5,54404,10831.07031,13072.87012,2150.759033
2008/9/8,53527,10482.84961,12834.17969,2078.980957
2008/9/9,51409,10325.37988,12609.46973,2079.673096
2008/9/10,51940,9955.5,12689.58984,1986.635986
2008/9/11,50718,9447.110352,12557.66016,1929.046997
2008/9/12,48435,9258.099609,12212.23047,1895.837036
2008/9/15,49633,8579.19043,12624.45996,2075.091064
2008/9/16,51270,8451.19043,12400.65039,2236.409912
2008/9/17,52393,9387.610352,12346.62988,2201.51001
2008/9/18,48416,9310.990234,12102.5,2216.811035
2008/9/19,49229,8577.910156,12214.75977,2297.500977
2008/9/22,45909,8979.259766,11609.71973,2293.783936
2008/9/23,48423,8852.219727,11749.79004,2173.738037
2008/9/24,53055,9265.429688,11489.29981,2157.839111
2008/9/25,51541,9033.660156,11920.86035,2092.224121
2008/9/26,49593,8519.209961,12090.58984,2074.583008
2008/9/29,49843,8691.25,12115.03027,2000.572021
2008/9/30,51828,8378.950195,12006.53027,2073.568115
2008/10/1,50783,8175.77002,11893.16016,2017.321045
2008/10/2,46028,9065.120117,11743.61035,1994.666992
2008/10/3,49541,8990.959961,11259.86035,1909.94104
2008/10/6,49799,9180.69043,11368.25977,1930.651001
2008/10/7,46145,9325.009766,11154.75977,1974.005981
2008/10/8,44517,9319.830078,10938.13965,1958.529053
2008/10/9,42101,9625.280273,10473.08984,1895.822021
2008/10/10,40140,9139.269531,10155.90039,1875.561035
2008/10/13,38594,8695.790039,9203.320313,1839.620972
2008/10/14,37080,8943.80957,9157.490234,1723.350952
2008/10/15,35610,8870.540039,8276.429688,1771.821045
2008/10/16,40829,8693.959961,9447.570313,1719.812012
2008/10/17,41569,8282.660156,9547.469727,1763.607056
2008/10/20,36833,8835.25,8458.450195,1728.786011
2008/10/21,36442,8497.30957,8693.820313,1719.774048
2008/10/22,36399,8273.580078,9005.589844,1706.703003
2008/10/23,39441,8424.75,9306.25,1760.609009
2008/10/24,39043,7997.279785,8674.69043,1717.722046
2008/10/27,35070,7552.290039,8460.980469,1747.713013
2008/10/28,33818,8046.419922,7649.080078,1874.801025
2008/10/29,31482,8443.389648,7162.899902,1843.607056
2008/10/30,29435,8479.469727,7621.919922,1859.109985
2008/10/31,33387,8726.610352,8211.900391,1927.613037
2008/11/3,34845,8829.040039,9029.759766,1986.437988
2008/11/4,37449,8149.089844,8576.980469,2030.484985
2008/11/5,37257,8419.089844,9114.599609,1902.430054
2008/11/6,38249,8591.69043,9521.240234,2017.473999
2008/11/7,40255,8376.240234,8899.139648,1983.76001
2008/11/10,37786,8635.419922,8583,1969.389038
2008/11/11,36362,8934.179688,9081.429688,1897.060059
2008/11/12,36665,8691.330078,8809.299805,1888.714966
2008/11/13,36776,8761.419922,8695.509766,1897.884033
2008/11/14,37262,8565.089844,8238.639648,1917.860962
2008/11/17,34374,8629.679688,8462.389648,1871.156006
2008/11/18,35993,8564.530273,8522.580078,1894.61499
2008/11/19,35789,8924.139648,8328.410156,1889.637939
2008/11/21,35717,8824.339844,8273.219727,1965.41394
2008/11/24,34095,8604.990234,7703.040039,2001.504028
2008/11/25,33405,8579.110352,7910.790039,2018.656006
2008/11/26,31251,8519.69043,8323.929688,2090.772949
2008/11/27,34189,8419.490234,8213.219727,2037.73999
2008/11/28,34813,8468.480469,8373.389648,2079.116943
2008/12/1,36470,8515.549805,8512.269531,2031.68103
2008/12/2,36213,8483.929688,8397.219727,1954.214966
2008/12/3,36596,8668.389648,7863.689941,1964.374023
2008/12/4,34741,8776.389648,8004.100098,1975.005981
2008/12/5,35001,9034.69043,7924.240234,1976.81897
2008/12/8,35297,8952.889648,7917.509766,2015.69397
2008/12/9,35128,9015.099609,8329.049805,2018.463013
2008/12/10,35347,8769.700195,8395.870117,1987.755005
2008/12/11,38285,8742.459961,8660.240234,1897.224976
2008/12/12,37968,8599.179688,8720.549805,1863.800049
2008/12/15,39004,8473.969727,8235.870117,1852.418945
2008/12/16,38519,8448.55957,8664.660156,1851.517944
2008/12/17,39374,8200.139648,8568.019531,1850.47998
2008/12/18,38320,8212.490234,8612.519531,1832.910034
2008/12/19,39993,8281.219727,8667.230469,1820.805054
2008/12/22,39947,7949.089844,8588.519531,1880.715942
2008/12/23,39536,8228.099609,8723.780273,1937.14502
2008/12/26,39131,8122.799805,8517.099609,1924.011963
2008/12/29,37619,8077.560059,8599.5,1878.18103
2008/12/30,36471,8116.029785,8739.519531,1904.860962
2009/1/2,36864,8174.72998,8747.169922,1900.347046
2009/1/5,37060,8375.450195,8859.55957,1863.366943
2009/1/6,37550,8149.009766,9043.120117,1928.869019
2009/1/7,40244,8000.859863,9080.839844,1920.206055
2009/1/8,41519,7936.75,9239.240234,1954.437988
2009/1/9,42312,8078.359863,8876.419922,1986.671997
2009/1/12,40820,7956.660156,8836.799805,1994.107056
2009/1/13,41991,8063.069824,8413.910156,1985.015991
2009/1/14,41583,8280.589844,8438.450195,2004.95105
2009/1/15,39403,8270.870117,8023.310059,1990.656982
2009/1/16,39544,7888.879883,8230.150391,2011.682983
2009/1/19,37982,7939.529785,8256.849609,2060.808105
2009/1/20,39151,7932.759766,8065.790039,2107.749023
2009/1/21,39342,7850.410156,7901.640137,2098.018066
2009/1/22,38828,7552.600098,8051.740234,2181.239014
2009/1/23,37272,7555.629883,7745.25,2224.714111
2009/1/26,38543,7465.950195,7682.140137,2265.160889
2009/1/27,37894,7365.669922,8061.069824,2260.820068
2009/1/28,38132,7114.779785,8106.290039,2248.091064
2009/1/29,38509,7350.939941,8251.240234,2320.791992
2009/1/30,38699,7270.890137,7994.049805,2389.386963
2009/2/2,40227,7182.080078,7873.97998,2319.440918
2009/2/3,39638,7062.930176,7825.509766,2209.862061
2009/2/4,39301,6763.290039,8038.939941,2227.125
2009/2/5,38666,6726.02002,7949.649902,2261.478027
2009/2/6,39747,6875.839844,8076.620117,2305.7771
2009/2/9,40129,6594.439941,7969.029785,2200.654053
2009/2/10,41109,6626.939941,7945.939941,2206.573975
2009/2/11,42756,6547.049805,7705.359863,2121.250977
2009/2/12,42100,6926.490234,7779.399902,2082.852051
2009/2/13,41207,6930.399902,7750.169922,2093.447021
2009/2/16,40846,7170.060059,7645.509766,2071.430908
2009/2/17,40501,7223.97998,7534.439941,2198.106934
2009/2/18,41674,7216.970215,7557.649902,2221.075928
2009/2/19,41841,7395.700195,7416.379883,2193.00708
2009/2/20,39847,7486.580078,7376.160156,2118.748047
2009/2/25,39674,7400.799805,7268.560059,2158.568115
2009/2/26,39730,7278.379883,7461.220215,2139.024902
2009/2/27,38715,7775.859863,7457.930176,2133.881104
2009/3/2,38232,7659.970215,7568.419922,2128.8479
2009/3/3,38180,7749.810059,7280.149902,2153.291016
2009/3/4,38183,7924.560059,7229.720215,2218.325928
2009/3/5,36235,7776.180176,7290.959961,2223.725098
2009/3/6,36468,7522.02002,7433.490234,2265.759033
2009/3/9,38402,7608.919922,7173.100098,2281.086914
2009/3/10,37369,7761.600098,7086.029785,2325.47998
2009/3/11,37105,7978.080078,7054.97998,2338.419922
2009/3/12,36741,8017.589844,7376.120117,2291.554932
2009/3/13,38795,7975.850098,7198.25,2361.704102
2009/3/16,38805,7789.560059,7569.279785,2374.437988
2009/3/17,39152,7837.109863,7704.149902,2358.040039
2009/3/18,39015,8083.379883,7949.129883,2373.212891
2009/3/19,38607,8057.810059,7972.169922,2408.01709
2009/3/20,39511,7920.180176,7945.959961,2425.291016
2009/3/23,40142,8029.620117,8215.530273,2419.778076
2009/3/24,40453,8125.430176,8488.299805,2439.181885
2009/3/25,40076,8131.330078,8479.990234,2347.38501
2009/3/26,42439,7841.72998,8636.330078,2379.875977
2009/3/27,41476,7969.560059,8626.969727,2444.226074
2009/3/30,41799,7886.569824,8236.080078,2513.700928
2009/3/31,42589,7957.060059,8109.529785,2527.180908
2009/4/1,41907,8076.290039,8351.910156,2536.055908
2009/4/2,40653,8025,8719.780273,2534.134033
2009/4/3,40926,8016.950195,8749.839844,2503.935059
2009/4/6,41976,8185.72998,8857.929688,2557.456055
2009/4/7,43736,8168.120117,8832.849609,2535.827881
2009/4/8,44391,8212.410156,8595.009766,2461.345947
2009/4/9,44167,8426.740234,8916.05957,2463.954102
2009/4/13,43825,8410.650391,8964.110352,2448.594971
2009/4/14,44182,8512.280273,8924.429688,2405.3479
2009/4/15,45539,8409.849609,8842.679688,2401.437988
2009/4/16,45992,8574.650391,8742.959961,2468.191895
2009/4/17,45418,8418.769531,8755.259766,2477.569092
2009/4/20,45273,8469.110352,8907.580078,2559.910889
2009/4/22,46025,8284.889648,8924.75,2567.336914
2009/4/23,45778,8331.320313,8711.330078,2592.52002
2009/4/24,44433,8268.639648,8727.299805,2597.447021
2009/4/27,44888,8504.080078,8847.009766,2625.64502
2009/4/28,45801,8474.849609,8707.990234,2579.74707
2009/4/29,46772,8422.040039,8726.339844,2618.172119
2009/4/30,45820,8292.129883,8493.769531,2663.766113
2009/5/4,45821,8277.320313,8828.259766,2639.886963
2009/5/5,47227,8473.490234,8977.370117,2645.262939
2009/5/6,47290,8300.019531,9385.700195,2652.779053
2009/5/7,50405,8403.799805,9432.830078,2676.681885
2009/5/8,50670,8500.330078,9451.980469,2651.414063
2009/5/11,51499,8721.44043,9298.610352,2610.62207
2009/5/12,50058,8740.870117,9340.490234,2597.601074
2009/5/13,51396,8675.240234,9093.730469,2610.01001
2009/5/14,50976,8750.240234,9265.019531,2588.574951
2009/5/15,50326,8763.129883,9038.69043,2632.929932
2009/5/18,48679,8764.490234,9290.290039,2721.280029
2009/5/19,49446,8763.05957,9344.639648,2724.302002
2009/5/20,49007,8739.019531,9264.150391,2778.589111
2009/5/21,51463,8770.919922,9225.80957,2767.243896
2009/5/22,51347,8799.259766,9347,2753.891113
2009/5/25,51245,8612.129883,9310.80957,2768.335938
2009/5/26,50087,8504.669922,9438.769531,2787.886963
2009/5/27,50568,8497.179688,9451.389648,2816.24707
2009/5/28,50816,8555.599609,9522.5,2797.320068
2009/5/29,51841,8539.730469,9677.75,2743.761963
2009/6/1,51792,8339.009766,9704.30957,2789.549072
2009/6/2,53041,8322.910156,9741.669922,2776.021973
2009/6/3,53198,8299.860352,9668.959961,2810.123047
2009/6/4,54486,8472.400391,9768.009766,2853.903076
2009/6/5,54000,8438.389648,9865.629883,2880.491943
2009/6/8,52087,8529.379883,9786.820313,2896.302002
2009/6/9,53464,8447,9991.490234,2892.697021
2009/6/10,53341,8504.05957,9981.330078,2922.299072
2009/6/12,53630,8280.740234,10135.82031,2925.045898
2009/6/15,53157,8324.870117,10039.66992,2928.210938
2009/6/16,53411,8163.600098,9752.879883,2975.313965
2009/6/17,53558,8178.410156,9840.849609,2959.362061
2009/6/18,52034,8183.169922,9703.719727,3008.149902
2009/6/19,51206,8146.52002,9786.259766,3060.253906
2009/6/22,51046,8331.679688,9826.269531,3088.366943
2009/6/23,50903,8359.490234,9549.610352,3124.666992
2009/6/24,51374,8616.209961,9590.320313,3089.449951
2009/6/25,49495,8711.820313,9796.080078,3080.773926
2009/6/26,49814,8743.94043,9877.389648,3123.034912
2009/6/29,49672,8848.150391,9783.469727,3113.931885
2009/6/30,51515,8915.94043,9958.44043,3080.555908
2009/7/1,51486,8881.259766,9939.929688,3145.156982
2009/7/2,52138,9069.290039,9876.150391,3188.551025
2009/7/3,51465,9093.240234,9816.070313,3183.741943
2009/7/6,51544,9108.509766,9680.870117,3189.740967
2009/7/7,51025,9096.719727,9647.790039,3266.919922
2009/7/8,50935,9070.719727,9420.75,3213.206055
2009/7/9,50622,9154.459961,9291.05957,3296.61499
2009/7/10,49457,9171.610352,9287.280273,3328.48999
2009/7/13,49178,9286.55957,9050.330078,3372.603027
2009/7/14,null,9320.19043,9261.80957,3435.211914
2009/7/15,49221,9280.969727,9269.25,3438.371094
2009/7/16,49187,9256.259766,9344.160156,3266.431885
2009/7/17,48873,9370.070313,9395.320313,3321.560059
2009/7/20,51297,9337.950195,9652.019531,3412.062012
2009/7/21,51918,9241.450195,9723.160156,3462.590088
2009/7/22,52072,9361.610352,9792.94043,3471.441895
2009/7/23,53155,9398.19043,9944.549805,3428.500977
2009/7/24,53234,9321.400391,10088.66016,3356.330078
2009/7/27,53073,9135.339844,10087.25977,3260.689941
2009/7/28,54249,9217.94043,10113.24023,3249.76001
2009/7/29,54457,9279.160156,10165.20996,3264.726074
2009/7/30,54549,9350.049805,10356.83008,3112.718994
2009/7/31,54472,9505.959961,10352.46973,3140.560059
2009/8/3,53735,9509.280273,10375.00977,3046.971924
2009/8/4,54478,9539.290039,10252.53027,2870.629883
2009/8/5,54766,9543.519531,10388.08984,2910.884033
2009/8/6,55998,9580.629883,10412.08984,2785.583984
2009/8/7,56038,9544.200195,10524.25977,2911.582031
2009/8/10,56384,9496.280273,10585.45996,2960.770996
2009/8/11,55755,9310.599609,10435,2993.428955
2009/8/12,56330,9280.669922,10517.19043,2915.802979
2009/8/13,56830,9344.610352,10597.33008,2967.594971
2009/8/14,55761,9441.269531,10268.61035,2946.39502
2009/8/17,56588,9497.339844,10284.95996,2860.687988
2009/8/18,57048,9547.219727,10204,2667.745117
2009/8/19,56638,9627.480469,10383.41016,2683.724121
2009/8/20,55218,9605.410156,10238.2002,2714.974121
2009/8/21,55749,9626.799805,10581.04981,2845.023926
2009/8/24,56156,9683.410156,10497.36035,2861.608887
2009/8/25,56831,9791.709961,10639.70996,2881.115967
2009/8/26,57729,9783.919922,10473.96973,2930.475098
2009/8/27,57775,9820.200195,10534.13965,2946.259033
2009/8/28,57421,9778.860352,10492.53027,2924.883057
2009/8/31,57766,9829.870117,10280.45996,2989.791992
2009/9/1,57704,9748.549805,10214.63965,3026.740967
2009/9/2,57701,9707.44043,10187.11035,3033.728027
2009/9/3,56489,9665.19043,10320.94043,2999.709961
2009/9/4,55815,9789.360352,10393.23047,3060.26001
2009/9/8,55386,9742.200195,10312.13965,2962.666992
2009/9/9,55707,9712.280273,10513.66992,2967.010986
2009/9/10,56652,9509.280273,10444.33008,2897.552979
2009/9/11,57855,9487.669922,10202.05957,2842.720947
2009/9/14,57910,9599.75,10217.62012,2853.553955
2009/9/15,58536,9731.25,10270.76953,2838.842041
2009/9/16,58366,9725.580078,10443.79981,2763.524902
2009/9/17,58868,9786.870117,10370.54004,2754.540039
2009/9/18,59264,9864.94043,null,2779.426025
2009/9/21,60411,9885.799805,10544.21973,2911.715088
2009/9/22,60236,9871.05957,10265.98047,2894.48291
2009/9/23,60703,10015.86035,10009.51953,2936.190918
2009/9/24,60928,10062.94043,10100.2002,2970.531982
2009/9/25,61493,9995.910156,10133.23047,2979.788086
2009/9/28,60496,10092.19043,9978.639648,2976.633057
2009/9/29,60046,10041.48047,9731.870117,3038.272949
2009/9/30,60356,9949.360352,9674.490234,3084.454102
2009/10/1,61317,10081.30957,9691.799805,3070.589111
2009/10/2,61235,9972.179688,9799.599609,3051.412109
2009/10/5,61518,9867.959961,9832.469727,3107.846924
2009/10/6,60459,9882.169922,10016.38965,3109.565918
2009/10/7,61172,9762.69043,10076.55957,3021.458984
2009/10/8,62369,9962.580078,10060.20996,3031.329102
2009/10/9,62671,9712.730469,10238.65039,2960.466064
2009/10/13,62638,9789.44043,10257.55957,2995.8479
2009/10/14,63760,9771.910156,10236.50977,3076.648926
2009/10/15,64071,9802.139648,10336.83984,3114.227051
2009/10/16,64646,10005.95996,10333.38965,3128.537109
2009/10/19,66201,10023.41992,10267.16992,3155.052979
2009/10/20,66703,10226.94043,10282.99023,3164.037109
2009/10/21,66200,10246.96973,10362.62012,3175.584961
2009/10/22,67239,10291.25977,10212.45996,3178.610107
2009/10/23,65303,10197.46973,10075.04981,3175.191895
2009/10/26,65486,10270.46973,9891.099609,3172.945068
2009/10/27,66135,10406.95996,10034.74023,3187.646973
2009/10/28,65059,10437.41992,9802.950195,3275.048096
2009/10/29,65086,10426.30957,9844.30957,3282.888916
2009/10/30,63161,10332.44043,9717.44043,3303.233887
2009/11/3,60162,10318.16016,9789.349609,3320.612061
2009/11/4,63721,10450.9502,9808.990234,3308.345947
2009/11/5,61546,10433.70996,9870.730469,3338.663086
2009/11/6,62643,10464.40039,9871.679688,3223.525879
2009/11/9,63913,10309.91992,9804.490234,3290.165039
2009/11/10,64816,10344.83984,9770.30957,3170.979004
2009/11/11,64466,10471.58008,9791.179688,3096.264893
2009/11/12,66214,10452.67969,9729.929688,3195.301025
2009/11/13,66303,10366.15039,9676.799805,3235.363037
2009/11/16,66431,10388.90039,9549.469727,3269.750977
2009/11/17,64448,10390.11035,9497.679688,3264.62793
2009/11/18,65326,10285.96973,9401.580078,3317.043945
2009/11/19,66627,10337.04981,9441.639648,3331.896973
2009/11/23,67406,10405.83008,9383.240234,3296.664063
2009/11/24,66516,10471.5,9081.519531,3239.568115
2009/11/25,66327,10501.04981,9345.549805,3254.263916
2009/11/26,66809,10452,9572.200195,3247.318115
2009/11/27,67317,10441.12012,9608.94043,3302.904053
2009/11/30,67917,10308.25977,9977.669922,3274.459961
2009/12/1,66392,10328.88965,10022.58984,3255.212891
2009/12/2,67082,10414.13965,10167.59961,3179.077881
2009/12/3,67044,10464.92969,10140.46973,3113.885986
2009/12/4,68546,10466.44043,10004.71973,3122.9729
2009/12/7,68615,10520.08984,9862.820313,3050.52002
2009/12/8,68315,10547.08008,10107.87012,3073.7771
2009/12/9,67604,10545.41016,10105.67969,3153.409912
2009/12/10,68512,10548.50977,10083.48047,3141.353027
2009/12/11,67729,10428.04981,10177.41016,3188.784912
2009/12/14,68012,10583.95996,10163.79981,3211.76001
2009/12/15,68728,10572.01953,10142.04981,3262.600098
2009/12/16,69267,10573.67969,10183.46973,3277.138916
2009/12/17,69349,10606.86035,10378.03027,3243.76001
2009/12/18,69311,10618.19043,10536.91992,3282.178955
2009/12/21,68622,10663.99023,10494.70996,3254.215088
2009/12/22,67068,10627.25977,10634.23047,3192.775879
2009/12/23,66794,10680.76953,10638.05957,3195.99707
2009/12/24,65925,10710.54981,10546.44043,3212.75
2009/12/28,67418,10609.65039,10654.79004,3273.966064
2009/12/29,67589,10725.42969,10681.83008,3172.657959
2009/12/30,null,10603.15039,10731.4502,3215.550049
2010/1/4,67902,10389.87988,10681.66016,3224.1521
2010/1/5,68296,10172.98047,10798.32031,3237.0979
2010/1/6,68588,10196.86035,10879.13965,3246.874023
2010/1/7,70045,10194.29004,10735.03027,3151.850098
2010/1/8,70240,10236.16016,10907.67969,3158.863037
2010/1/11,70729,10120.45996,10982.09961,3128.587891
2010/1/12,70451,10067.33008,10855.08008,3094.410889
2010/1/13,70263,10185.53027,10764.90039,3019.394043
2010/1/14,70433,10296.84961,10737.51953,2986.606934
2010/1/15,70076,10270.54981,10868.41016,2994.143066
2010/1/18,70385,10002.17969,10590.54981,2989.291992
2010/1/19,69801,10012.23047,10512.69043,2941.360107
2010/1/20,68978,9908.389648,10325.28027,2934.712891
2010/1/21,69401,10058.63965,10252.08008,3003.834961
2010/1/22,69909,10038.37988,10414.29004,2995.308105
2010/1/26,68200,10144.19043,10198.04004,2939.4021
2010/1/27,66270,10099.13965,10205.01953,2935.174072
2010/1/28,66220,10268.80957,10371.08984,2948.842041
2010/1/29,65524,10309.24023,10404.33008,2982.5
2010/2/1,65070,10392.90039,10355.98047,2985.499023
2010/2/2,65588,10402.34961,10057.08984,3018.133057
2010/2/3,65402,10383.37988,9951.820313,3003.397949
2010/2/4,66572,10282.41016,9932.900391,2982.574951
2010/2/5,67163,10374.16016,9963.990234,3022.177002
2010/2/8,67109,10321.03027,10092.19043,3060.61792
2010/2/9,63934,10325.25977,10013.29981,3051.943115
2010/2/10,62763,10403.79004,10034.25,3087.842041
2010/2/11,63153,10405.98047,10306.83008,3073.10791
2010/2/12,64718,10396.75977,10335.69043,3097.004883
2010/2/17,65051,10444.13965,10123.58008,3023.373047
2010/2/18,66129,10566.2002,10400.46973,3031.064941
2010/2/19,65855,10552.51953,10352.09961,3053.231934
2010/2/22,67285,10564.37988,10198.83008,3069.141113
2010/2/23,67836,10567.33008,10101.95996,3048.927002
2010/2/24,67597,10611.83984,10126.03027,3051.281982
2010/2/25,67184,10624.69043,10172.05957,3013.412109
2010/2/26,66108,10642.15039,10221.83984,2976.938965
2010/3/1,65795,10685.98047,10253.13965,2992.841064
2010/3/2,66121,10733.66992,10145.71973,3050.479004
2010/3/3,66503,10779.16992,10368.95996,3046.089111
2010/3/4,67228,10741.98047,10585.91992,3067.75
2010/3/5,67779,10785.88965,10567.65039,3074.575928
2010/3/8,67641,10888.83008,10563.91992,3053.125
2010/3/9,67815,10836.15039,10664.9502,3056.808105
2010/3/10,68847,10841.20996,10751.25977,3019.176025
2010/3/11,68575,10850.36035,10751.98047,3059.715088
2010/3/12,69576,10895.86035,10721.70996,3123.798096
2010/3/15,69979,10907.41992,10846.98047,3128.468018
2010/3/16,69885,10856.62988,10744.03027,3109.10498
2010/3/17,69341,,10824.71973,3147.416016
2010/3/18,69024,,10774.15039,3157.957031
2010/3/19,69942,,10815.03027,
2010/3/22,69723,,10828.84961,
2010/3/23,69697,,10996.37012,
2010/3/24,68829,,10986.46973,
2010/3/25,69042,,11097.13965,
2010/3/26,69387,,11089.94043,
2010/3/29,68913,,11244.40039,
2010/3/30,68442,,11286.08984,
2010/3/31,68683,,,
,69939,,,
,69960,,,
,70372,,,
